sample_id,coa_id,coa_revision,jurisdiction,license_id,matrix,collection_events,rule_pack_version,rule_pack_expires_at,requested_analyte_panel,method_version,loq,reporting_limit,accreditation_scope,signer_name,signer_scope
SC-CA-S001,SC-CA-COA-001,1,CA,SC-CA-LIC-02,FLOWER,"[{""at"":""2026-08-02T08:00:00Z"",""event"":""COLLECTED""},{""at"":""2026-08-02T10:00:00Z"",""event"":""TRANSFERRED""},{""at"":""2026-08-02T12:00:00Z"",""event"":""RECEIVED""}]",CA-RULES-2026.09,2027-09-01T00:00:00Z,CA-FLOWER-COMPLIANCE,CA-METHOD-4.2,0.5,1.0,"[""CA:FLOWER:CA-FLOWER-COMPLIANCE:CA-METHOD-4.2""]",SC Reviewer CA,"[""CA:FLOWER:CA-FLOWER-COMPLIANCE:CA-METHOD-4.2""]"
SC-CA-S002,SC-CA-COA-002,1,CA,SC-CA-LIC-03,FLOWER,"[{""at"":""2026-08-03T08:00:00Z"",""event"":""COLLECTED""},{""at"":""2026-08-03T10:00:00Z"",""event"":""TRANSFERRED""},{""at"":""2026-08-03T12:00:00Z"",""event"":""RECEIVED""}]",CA-RULES-2026.09,2027-09-01T00:00:00Z,CA-FLOWER-COMPLIANCE,CA-METHOD-4.2,0.5,1.0,"[""CA:FLOWER:CA-FLOWER-COMPLIANCE:CA-METHOD-4.2""]",SC Reviewer CA,"[""CA:FLOWER:CA-FLOWER-COMPLIANCE:CA-METHOD-4.2""]"
SC-CA-S003,SC-CA-COA-003,1,CA,SC-CA-LIC-04,FLOWER,"[{""at"":""2026-08-04T08:00:00Z"",""event"":""COLLECTED""},{""at"":""2026-08-04T10:00:00Z"",""event"":""TRANSFERRED""},{""at"":""2026-08-04T12:00:00Z"",""event"":""RECEIVED""}]",CA-RULES-2026.09,2027-09-01T00:00:00Z,CA-FLOWER-COMPLIANCE,CA-METHOD-4.2,0.5,1.0,"[""CA:FLOWER:CA-FLOWER-COMPLIANCE:CA-METHOD-4.2""]",SC Reviewer CA,"[""CA:FLOWER:CA-FLOWER-COMPLIANCE:CA-METHOD-4.2""]"
SC-CA-S004,SC-CA-COA-004,1,CA,SC-CA-LIC-01,FLOWER,"[{""at"":""2026-08-05T08:00:00Z"",""event"":""COLLECTED""},{""at"":""2026-08-05T10:00:00Z"",""event"":""TRANSFERRED""},{""at"":""2026-08-05T12:00:00Z"",""event"":""RECEIVED""}]",CA-RULES-2026.09,2027-09-01T00:00:00Z,CA-FLOWER-COMPLIANCE,CA-METHOD-4.2,0.5,1.0,"[""CA:FLOWER:CA-FLOWER-COMPLIANCE:CA-METHOD-4.2""]",SC Reviewer CA,"[""CA:FLOWER:CA-FLOWER-COMPLIANCE:CA-METHOD-4.2""]"
SC-CA-S005,SC-CA-COA-005,1,CA,SC-CA-LIC-02,FLOWER,"[{""at"":""2026-08-06T08:00:00Z"",""event"":""COLLECTED""},{""at"":""2026-08-06T10:00:00Z"",""event"":""TRANSFERRED""},{""at"":""2026-08-06T12:00:00Z"",""event"":""RECEIVED""}]",CA-RULES-2026.09,2027-09-01T00:00:00Z,CA-FLOWER-COMPLIANCE,CA-METHOD-4.2,0.5,1.0,"[""CA:FLOWER:CA-FLOWER-COMPLIANCE:CA-METHOD-4.2""]",SC Reviewer CA,"[""CA:FLOWER:CA-FLOWER-COMPLIANCE:CA-METHOD-4.2""]"
SC-CA-S006,SC-CA-COA-006,1,CA,SC-CA-LIC-03,FLOWER,"[{""at"":""2026-08-07T08:00:00Z"",""event"":""COLLECTED""},{""at"":""2026-08-07T10:00:00Z"",""event"":""TRANSFERRED""},{""at"":""2026-08-07T12:00:00Z"",""event"":""RECEIVED""}]",CA-RULES-2026.09,2027-09-01T00:00:00Z,CA-FLOWER-COMPLIANCE,CA-METHOD-4.2,0.5,1.0,"[""CA:FLOWER:CA-FLOWER-COMPLIANCE:CA-METHOD-4.2""]",SC Reviewer CA,"[""CA:FLOWER:CA-FLOWER-COMPLIANCE:CA-METHOD-4.2""]"
SC-CA-S007,SC-CA-COA-007,1,CA,SC-CA-LIC-04,FLOWER,"[{""at"":""2026-08-08T08:00:00Z"",""event"":""COLLECTED""},{""at"":""2026-08-08T10:00:00Z"",""event"":""TRANSFERRED""},{""at"":""2026-08-08T12:00:00Z"",""event"":""RECEIVED""}]",CA-RULES-2026.09,2027-09-01T00:00:00Z,CA-FLOWER-COMPLIANCE,CA-METHOD-4.2,0.5,1.0,"[""CA:FLOWER:CA-FLOWER-COMPLIANCE:CA-METHOD-4.2""]",SC Reviewer CA,"[""CA:FLOWER:CA-FLOWER-COMPLIANCE:CA-METHOD-4.2""]"
SC-CA-S008,SC-CA-COA-008,1,CA,SC-CA-LIC-01,FLOWER,"[{""at"":""2026-08-09T08:00:00Z"",""event"":""COLLECTED""},{""at"":""2026-08-09T10:00:00Z"",""event"":""TRANSFERRED""},{""at"":""2026-08-09T12:00:00Z"",""event"":""RECEIVED""}]",CA-RULES-2026.09,2027-09-01T00:00:00Z,CA-FLOWER-COMPLIANCE,CA-METHOD-4.2,0.5,1.0,"[""CA:FLOWER:CA-FLOWER-COMPLIANCE:CA-METHOD-4.2""]",SC Reviewer CA,"[""CA:FLOWER:CA-FLOWER-COMPLIANCE:CA-METHOD-4.2""]"
SC-CA-S009,SC-CA-COA-009,1,CA,SC-CA-LIC-02,FLOWER,"[{""at"":""2026-08-10T08:00:00Z"",""event"":""COLLECTED""},{""at"":""2026-08-10T10:00:00Z"",""event"":""TRANSFERRED""},{""at"":""2026-08-10T12:00:00Z"",""event"":""RECEIVED""}]",CA-RULES-2026.09,2027-09-01T00:00:00Z,CA-FLOWER-COMPLIANCE,CA-METHOD-4.2,0.5,1.0,"[""CA:FLOWER:CA-FLOWER-COMPLIANCE:CA-METHOD-4.2""]",SC Reviewer CA,"[""CA:FLOWER:CA-FLOWER-COMPLIANCE:CA-METHOD-4.2""]"
SC-CA-S010,SC-CA-COA-010,1,CA,SC-CA-LIC-03,FLOWER,"[{""at"":""2026-08-11T08:00:00Z"",""event"":""COLLECTED""},{""at"":""2026-08-11T10:00:00Z"",""event"":""TRANSFERRED""},{""at"":""2026-08-11T12:00:00Z"",""event"":""RECEIVED""}]",CA-RULES-2026.09,2027-09-01T00:00:00Z,CA-FLOWER-COMPLIANCE,CA-METHOD-4.2,0.5,1.0,"[""CA:FLOWER:CA-FLOWER-COMPLIANCE:CA-METHOD-4.2""]",SC Reviewer CA,"[""CA:FLOWER:CA-FLOWER-COMPLIANCE:CA-METHOD-4.2""]"
SC-CA-S011,SC-CA-COA-011,1,CA,SC-CA-LIC-04,FLOWER,"[{""at"":""2026-08-12T08:00:00Z"",""event"":""COLLECTED""},{""at"":""2026-08-12T10:00:00Z"",""event"":""TRANSFERRED""},{""at"":""2026-08-12T12:00:00Z"",""event"":""RECEIVED""}]",CA-RULES-2026.09,2027-09-01T00:00:00Z,CA-FLOWER-COMPLIANCE,CA-METHOD-4.2,0.5,1.0,"[""CA:FLOWER:CA-FLOWER-COMPLIANCE:CA-METHOD-4.2""]",SC Reviewer CA,"[""CA:FLOWER:CA-FLOWER-COMPLIANCE:CA-METHOD-4.2""]"
SC-CA-S012,SC-CA-COA-012,1,CA,SC-CA-LIC-01,FLOWER,"[{""at"":""2026-08-13T08:00:00Z"",""event"":""COLLECTED""},{""at"":""2026-08-13T10:00:00Z"",""event"":""TRANSFERRED""},{""at"":""2026-08-13T12:00:00Z"",""event"":""RECEIVED""}]",CA-RULES-2026.09,2027-09-01T00:00:00Z,CA-FLOWER-COMPLIANCE,CA-METHOD-4.2,0.5,1.0,"[""CA:FLOWER:CA-FLOWER-COMPLIANCE:CA-METHOD-4.2""]",SC Reviewer CA,"[""CA:FLOWER:CA-FLOWER-COMPLIANCE:CA-METHOD-4.2""]"
SC-CA-S013,SC-CA-COA-013,1,CA,SC-CA-LIC-02,FLOWER,"[{""at"":""2026-08-14T08:00:00Z"",""event"":""COLLECTED""},{""at"":""2026-08-14T10:00:00Z"",""event"":""TRANSFERRED""},{""at"":""2026-08-14T12:00:00Z"",""event"":""RECEIVED""}]",CA-RULES-2026.09,2027-09-01T00:00:00Z,CA-FLOWER-COMPLIANCE,CA-METHOD-4.2,0.5,1.0,"[""CA:FLOWER:CA-FLOWER-COMPLIANCE:CA-METHOD-4.2""]",SC Reviewer CA,"[""CA:FLOWER:CA-FLOWER-COMPLIANCE:CA-METHOD-4.2""]"
SC-CA-S014,SC-CA-COA-014,1,CA,SC-CA-LIC-03,FLOWER,"[{""at"":""2026-08-15T08:00:00Z"",""event"":""COLLECTED""},{""at"":""2026-08-15T10:00:00Z"",""event"":""TRANSFERRED""},{""at"":""2026-08-15T12:00:00Z"",""event"":""RECEIVED""}]",CA-RULES-2026.09,2027-09-01T00:00:00Z,CA-FLOWER-COMPLIANCE,CA-METHOD-4.2,0.5,1.0,"[""CA:FLOWER:CA-FLOWER-COMPLIANCE:CA-METHOD-4.2""]",SC Reviewer CA,"[""CA:FLOWER:CA-FLOWER-COMPLIANCE:CA-METHOD-4.2""]"
SC-CA-S015,SC-CA-COA-015,1,CA,SC-CA-LIC-04,FLOWER,"[{""at"":""2026-08-16T08:00:00Z"",""event"":""COLLECTED""},{""at"":""2026-08-16T10:00:00Z"",""event"":""TRANSFERRED""},{""at"":""2026-08-16T12:00:00Z"",""event"":""RECEIVED""}]",CA-RULES-2026.09,2027-09-01T00:00:00Z,CA-FLOWER-COMPLIANCE,CA-METHOD-4.2,0.5,1.0,"[""CA:FLOWER:CA-FLOWER-COMPLIANCE:CA-METHOD-4.2""]",SC Reviewer CA,"[""CA:FLOWER:CA-FLOWER-COMPLIANCE:CA-METHOD-4.2""]"
SC-CA-S016,SC-CA-COA-016,1,CA,SC-CA-LIC-01,FLOWER,"[{""at"":""2026-08-17T08:00:00Z"",""event"":""COLLECTED""},{""at"":""2026-08-17T10:00:00Z"",""event"":""TRANSFERRED""},{""at"":""2026-08-17T12:00:00Z"",""event"":""RECEIVED""}]",CA-RULES-2026.09,2027-09-01T00:00:00Z,CA-FLOWER-COMPLIANCE,CA-METHOD-4.2,0.5,1.0,"[""CA:FLOWER:CA-FLOWER-COMPLIANCE:CA-METHOD-4.2""]",SC Reviewer CA,"[""CA:FLOWER:CA-FLOWER-COMPLIANCE:CA-METHOD-4.2""]"
SC-CA-S017,SC-CA-COA-017,1,CA,SC-CA-LIC-02,FLOWER,"[{""at"":""2026-08-18T08:00:00Z"",""event"":""COLLECTED""},{""at"":""2026-08-18T10:00:00Z"",""event"":""TRANSFERRED""},{""at"":""2026-08-18T12:00:00Z"",""event"":""RECEIVED""}]",CA-RULES-2026.09,2027-09-01T00:00:00Z,CA-FLOWER-COMPLIANCE,CA-METHOD-4.2,0.5,1.0,"[""CA:FLOWER:CA-FLOWER-COMPLIANCE:CA-METHOD-4.2""]",SC Reviewer CA,"[""CA:FLOWER:CA-FLOWER-COMPLIANCE:CA-METHOD-4.2""]"
SC-CA-S018,SC-CA-COA-018,1,CA,SC-CA-LIC-03,FLOWER,"[{""at"":""2026-08-19T08:00:00Z"",""event"":""COLLECTED""},{""at"":""2026-08-19T10:00:00Z"",""event"":""TRANSFERRED""},{""at"":""2026-08-19T12:00:00Z"",""event"":""RECEIVED""}]",CA-RULES-2026.09,2027-09-01T00:00:00Z,CA-FLOWER-COMPLIANCE,CA-METHOD-4.2,0.5,1.0,"[""CA:FLOWER:CA-FLOWER-COMPLIANCE:CA-METHOD-4.2""]",SC Reviewer CA,"[""CA:FLOWER:CA-FLOWER-COMPLIANCE:CA-METHOD-4.2""]"
SC-CA-S019,SC-CA-COA-019,1,CA,SC-CA-LIC-04,FLOWER,"[{""at"":""2026-08-20T08:00:00Z"",""event"":""COLLECTED""},{""at"":""2026-08-20T10:00:00Z"",""event"":""TRANSFERRED""},{""at"":""2026-08-20T12:00:00Z"",""event"":""RECEIVED""}]",CA-RULES-2026.09,2027-09-01T00:00:00Z,CA-FLOWER-COMPLIANCE,CA-METHOD-4.2,0.5,1.0,"[""CA:FLOWER:CA-FLOWER-COMPLIANCE:CA-METHOD-4.2""]",SC Reviewer CA,"[""CA:FLOWER:CA-FLOWER-COMPLIANCE:CA-METHOD-4.2""]"
SC-CA-S020,SC-CA-COA-020,1,CA,SC-CA-LIC-01,FLOWER,"[{""at"":""2026-08-01T08:00:00Z"",""event"":""COLLECTED""},{""at"":""2026-08-01T10:00:00Z"",""event"":""TRANSFERRED""},{""at"":""2026-08-01T12:00:00Z"",""event"":""RECEIVED""}]",CA-RULES-2026.09,2027-09-01T00:00:00Z,CA-FLOWER-COMPLIANCE,CA-METHOD-4.2,0.5,1.0,"[""CA:FLOWER:CA-FLOWER-COMPLIANCE:CA-METHOD-4.2""]",SC Reviewer CA,"[""CA:FLOWER:CA-FLOWER-COMPLIANCE:CA-METHOD-4.2""]"
SC-CA-S021,SC-CA-COA-021,1,CA,SC-CA-LIC-02,FLOWER,"[{""at"":""2026-08-02T08:00:00Z"",""event"":""COLLECTED""},{""at"":""2026-08-02T10:00:00Z"",""event"":""TRANSFERRED""},{""at"":""2026-08-02T12:00:00Z"",""event"":""RECEIVED""}]",CA-RULES-2026.09,2027-09-01T00:00:00Z,CA-FLOWER-COMPLIANCE,CA-METHOD-4.2,0.5,1.0,"[""CA:FLOWER:CA-FLOWER-COMPLIANCE:CA-METHOD-4.2""]",SC Reviewer CA,"[""CA:FLOWER:CA-FLOWER-COMPLIANCE:CA-METHOD-4.2""]"
SC-CA-S022,SC-CA-COA-022,1,CA,SC-CA-LIC-03,FLOWER,"[{""at"":""2026-08-03T08:00:00Z"",""event"":""COLLECTED""},{""at"":""2026-08-03T10:00:00Z"",""event"":""TRANSFERRED""},{""at"":""2026-08-03T12:00:00Z"",""event"":""RECEIVED""}]",CA-RULES-2026.09,2027-09-01T00:00:00Z,CA-FLOWER-COMPLIANCE,CA-METHOD-4.2,0.5,1.0,"[""CA:FLOWER:CA-FLOWER-COMPLIANCE:CA-METHOD-4.2""]",SC Reviewer CA,"[""CA:FLOWER:CA-FLOWER-COMPLIANCE:CA-METHOD-4.2""]"
SC-CA-S023,SC-CA-COA-023,1,CA,SC-CA-LIC-04,FLOWER,"[{""at"":""2026-08-04T08:00:00Z"",""event"":""COLLECTED""},{""at"":""2026-08-04T10:00:00Z"",""event"":""TRANSFERRED""},{""at"":""2026-08-04T12:00:00Z"",""event"":""RECEIVED""}]",CA-RULES-2026.09,2027-09-01T00:00:00Z,CA-FLOWER-COMPLIANCE,CA-METHOD-4.2,0.5,1.0,"[""CA:FLOWER:CA-FLOWER-COMPLIANCE:CA-METHOD-4.2""]",SC Reviewer CA,"[""CA:FLOWER:CA-FLOWER-COMPLIANCE:CA-METHOD-4.2""]"
SC-CA-S024,SC-CA-COA-024,1,CA,SC-CA-LIC-01,FLOWER,"[{""at"":""2026-08-05T08:00:00Z"",""event"":""COLLECTED""},{""at"":""2026-08-05T10:00:00Z"",""event"":""TRANSFERRED""},{""at"":""2026-08-05T12:00:00Z"",""event"":""RECEIVED""}]",CA-RULES-2026.09,2027-09-01T00:00:00Z,CA-FLOWER-COMPLIANCE,CA-METHOD-4.2,0.5,1.0,"[""CA:FLOWER:CA-FLOWER-COMPLIANCE:CA-METHOD-4.2""]",SC Reviewer CA,"[""CA:FLOWER:CA-FLOWER-COMPLIANCE:CA-METHOD-4.2""]"
SC-CA-S025,SC-CA-COA-025,1,CA,SC-CA-LIC-02,FLOWER,"[{""at"":""2026-08-06T08:00:00Z"",""event"":""COLLECTED""},{""at"":""2026-08-06T10:00:00Z"",""event"":""TRANSFERRED""},{""at"":""2026-08-06T12:00:00Z"",""event"":""RECEIVED""}]",CA-RULES-2025.01,2026-01-01T00:00:00Z,CA-FLOWER-COMPLIANCE,CA-METHOD-4.2,0.5,1.0,"[""CA:FLOWER:CA-FLOWER-COMPLIANCE:CA-METHOD-4.2""]",SC Reviewer CA,"[""CA:FLOWER:CA-FLOWER-COMPLIANCE:CA-METHOD-4.2""]"
SC-CA-S026,SC-CA-COA-026,1,CA,SC-CA-LIC-03,FLOWER,"[{""at"":""2026-08-07T08:00:00Z"",""event"":""COLLECTED""},{""at"":""2026-08-07T10:00:00Z"",""event"":""TRANSFERRED""},{""at"":""2026-08-07T12:00:00Z"",""event"":""RECEIVED""}]",CA-RULES-2026.09,2027-09-01T00:00:00Z,OTHER-JURISDICTION-PANEL,CA-METHOD-4.2,0.5,1.0,"[""CA:FLOWER:CA-FLOWER-COMPLIANCE:CA-METHOD-4.2""]",SC Reviewer CA,"[""CA:FLOWER:CA-FLOWER-COMPLIANCE:CA-METHOD-4.2""]"
SC-CA-S027,SC-CA-COA-027,1,CA,SC-CA-LIC-04,FLOWER,"[{""at"":""2026-08-08T08:00:00Z"",""event"":""COLLECTED""},{""at"":""2026-08-08T10:00:00Z"",""event"":""TRANSFERRED""},{""at"":""2026-08-08T12:00:00Z"",""event"":""RECEIVED""}]",CA-RULES-2026.09,2027-09-01T00:00:00Z,CA-FLOWER-COMPLIANCE,CA-METHOD-4.2,2.0,1.0,"[""CA:FLOWER:CA-FLOWER-COMPLIANCE:CA-METHOD-4.2""]",SC Reviewer CA,"[""CA:FLOWER:CA-FLOWER-COMPLIANCE:CA-METHOD-4.2""]"
SC-CA-S028,SC-CA-COA-028,1,CA,SC-CA-LIC-01,FLOWER,"[{""at"":""2026-08-09T08:00:00Z"",""event"":""COLLECTED""},{""at"":""2026-08-09T10:00:00Z"",""event"":""TRANSFERRED""}]",CA-RULES-2026.09,2027-09-01T00:00:00Z,CA-FLOWER-COMPLIANCE,CA-METHOD-4.2,0.5,1.0,"[""CA:FLOWER:CA-FLOWER-COMPLIANCE:CA-METHOD-4.2""]",SC Reviewer CA,"[""CA:FLOWER:CA-FLOWER-COMPLIANCE:CA-METHOD-4.2""]"
SC-CA-S001,SC-CA-COA-001,1,CA,SC-CA-LIC-02,FLOWER,"[{""at"":""2026-08-10T08:00:00Z"",""event"":""COLLECTED""},{""at"":""2026-08-10T10:00:00Z"",""event"":""TRANSFERRED""},{""at"":""2026-08-10T12:00:00Z"",""event"":""RECEIVED""}]",CA-RULES-2026.09,2027-09-01T00:00:00Z,CA-FLOWER-COMPLIANCE,CA-METHOD-4.2,0.5,1.0,"[""CA:FLOWER:CA-FLOWER-COMPLIANCE:CA-METHOD-4.2""]",SC Reviewer CA,"[""CA:FLOWER:CA-FLOWER-COMPLIANCE:CA-METHOD-4.2""]"
SC-CA-S030,SC-CA-COA-030,1,CA,SC-CA-LIC-03,FLOWER,"[{""at"":""2026-08-11T08:00:00Z"",""event"":""COLLECTED""},{""at"":""2026-08-11T10:00:00Z"",""event"":""TRANSFERRED""},{""at"":""2026-08-11T12:00:00Z"",""event"":""RECEIVED""}]",CA-RULES-2026.09,2027-09-01T00:00:00Z,CA-FLOWER-COMPLIANCE,CA-METHOD-4.2,0.5,1.0,"[""CA:FLOWER:CA-FLOWER-COMPLIANCE:CA-METHOD-4.2""]",SC Reviewer CA,"[""OUT-OF-SCOPE""]"
SC-CO-S001,SC-CO-COA-001,1,CO,SC-CO-LIC-02,FLOWER,"[{""at"":""2026-08-12T08:00:00Z"",""event"":""COLLECTED""},{""at"":""2026-08-12T10:00:00Z"",""event"":""TRANSFERRED""},{""at"":""2026-08-12T12:00:00Z"",""event"":""RECEIVED""}]",CO-RULES-2026.09,2027-09-01T00:00:00Z,CO-REGULATED-MARIJUANA,CO-METHOD-3.8,0.5,1.0,"[""CO:FLOWER:CO-REGULATED-MARIJUANA:CO-METHOD-3.8""]",SC Reviewer CO,"[""CO:FLOWER:CO-REGULATED-MARIJUANA:CO-METHOD-3.8""]"
SC-CO-S002,SC-CO-COA-002,1,CO,SC-CO-LIC-03,FLOWER,"[{""at"":""2026-08-13T08:00:00Z"",""event"":""COLLECTED""},{""at"":""2026-08-13T10:00:00Z"",""event"":""TRANSFERRED""},{""at"":""2026-08-13T12:00:00Z"",""event"":""RECEIVED""}]",CO-RULES-2026.09,2027-09-01T00:00:00Z,CO-REGULATED-MARIJUANA,CO-METHOD-3.8,0.5,1.0,"[""CO:FLOWER:CO-REGULATED-MARIJUANA:CO-METHOD-3.8""]",SC Reviewer CO,"[""CO:FLOWER:CO-REGULATED-MARIJUANA:CO-METHOD-3.8""]"
SC-CO-S003,SC-CO-COA-003,1,CO,SC-CO-LIC-04,FLOWER,"[{""at"":""2026-08-14T08:00:00Z"",""event"":""COLLECTED""},{""at"":""2026-08-14T10:00:00Z"",""event"":""TRANSFERRED""},{""at"":""2026-08-14T12:00:00Z"",""event"":""RECEIVED""}]",CO-RULES-2026.09,2027-09-01T00:00:00Z,CO-REGULATED-MARIJUANA,CO-METHOD-3.8,0.5,1.0,"[""CO:FLOWER:CO-REGULATED-MARIJUANA:CO-METHOD-3.8""]",SC Reviewer CO,"[""CO:FLOWER:CO-REGULATED-MARIJUANA:CO-METHOD-3.8""]"
SC-CO-S004,SC-CO-COA-004,1,CO,SC-CO-LIC-01,FLOWER,"[{""at"":""2026-08-15T08:00:00Z"",""event"":""COLLECTED""},{""at"":""2026-08-15T10:00:00Z"",""event"":""TRANSFERRED""},{""at"":""2026-08-15T12:00:00Z"",""event"":""RECEIVED""}]",CO-RULES-2026.09,2027-09-01T00:00:00Z,CO-REGULATED-MARIJUANA,CO-METHOD-3.8,0.5,1.0,"[""CO:FLOWER:CO-REGULATED-MARIJUANA:CO-METHOD-3.8""]",SC Reviewer CO,"[""CO:FLOWER:CO-REGULATED-MARIJUANA:CO-METHOD-3.8""]"
SC-CO-S005,SC-CO-COA-005,1,CO,SC-CO-LIC-02,FLOWER,"[{""at"":""2026-08-16T08:00:00Z"",""event"":""COLLECTED""},{""at"":""2026-08-16T10:00:00Z"",""event"":""TRANSFERRED""},{""at"":""2026-08-16T12:00:00Z"",""event"":""RECEIVED""}]",CO-RULES-2026.09,2027-09-01T00:00:00Z,CO-REGULATED-MARIJUANA,CO-METHOD-3.8,0.5,1.0,"[""CO:FLOWER:CO-REGULATED-MARIJUANA:CO-METHOD-3.8""]",SC Reviewer CO,"[""CO:FLOWER:CO-REGULATED-MARIJUANA:CO-METHOD-3.8""]"
SC-CO-S006,SC-CO-COA-006,1,CO,SC-CO-LIC-03,FLOWER,"[{""at"":""2026-08-17T08:00:00Z"",""event"":""COLLECTED""},{""at"":""2026-08-17T10:00:00Z"",""event"":""TRANSFERRED""},{""at"":""2026-08-17T12:00:00Z"",""event"":""RECEIVED""}]",CO-RULES-2026.09,2027-09-01T00:00:00Z,CO-REGULATED-MARIJUANA,CO-METHOD-3.8,0.5,1.0,"[""CO:FLOWER:CO-REGULATED-MARIJUANA:CO-METHOD-3.8""]",SC Reviewer CO,"[""CO:FLOWER:CO-REGULATED-MARIJUANA:CO-METHOD-3.8""]"
SC-CO-S007,SC-CO-COA-007,1,CO,SC-CO-LIC-04,FLOWER,"[{""at"":""2026-08-18T08:00:00Z"",""event"":""COLLECTED""},{""at"":""2026-08-18T10:00:00Z"",""event"":""TRANSFERRED""},{""at"":""2026-08-18T12:00:00Z"",""event"":""RECEIVED""}]",CO-RULES-2026.09,2027-09-01T00:00:00Z,CO-REGULATED-MARIJUANA,CO-METHOD-3.8,0.5,1.0,"[""CO:FLOWER:CO-REGULATED-MARIJUANA:CO-METHOD-3.8""]",SC Reviewer CO,"[""CO:FLOWER:CO-REGULATED-MARIJUANA:CO-METHOD-3.8""]"
SC-CO-S008,SC-CO-COA-008,1,CO,SC-CO-LIC-01,FLOWER,"[{""at"":""2026-08-19T08:00:00Z"",""event"":""COLLECTED""},{""at"":""2026-08-19T10:00:00Z"",""event"":""TRANSFERRED""},{""at"":""2026-08-19T12:00:00Z"",""event"":""RECEIVED""}]",CO-RULES-2026.09,2027-09-01T00:00:00Z,CO-REGULATED-MARIJUANA,CO-METHOD-3.8,0.5,1.0,"[""CO:FLOWER:CO-REGULATED-MARIJUANA:CO-METHOD-3.8""]",SC Reviewer CO,"[""CO:FLOWER:CO-REGULATED-MARIJUANA:CO-METHOD-3.8""]"
SC-CO-S009,SC-CO-COA-009,1,CO,SC-CO-LIC-02,FLOWER,"[{""at"":""2026-08-20T08:00:00Z"",""event"":""COLLECTED""},{""at"":""2026-08-20T10:00:00Z"",""event"":""TRANSFERRED""},{""at"":""2026-08-20T12:00:00Z"",""event"":""RECEIVED""}]",CO-RULES-2026.09,2027-09-01T00:00:00Z,CO-REGULATED-MARIJUANA,CO-METHOD-3.8,0.5,1.0,"[""CO:FLOWER:CO-REGULATED-MARIJUANA:CO-METHOD-3.8""]",SC Reviewer CO,"[""CO:FLOWER:CO-REGULATED-MARIJUANA:CO-METHOD-3.8""]"
SC-CO-S010,SC-CO-COA-010,1,CO,SC-CO-LIC-03,FLOWER,"[{""at"":""2026-08-01T08:00:00Z"",""event"":""COLLECTED""},{""at"":""2026-08-01T10:00:00Z"",""event"":""TRANSFERRED""},{""at"":""2026-08-01T12:00:00Z"",""event"":""RECEIVED""}]",CO-RULES-2026.09,2027-09-01T00:00:00Z,CO-REGULATED-MARIJUANA,CO-METHOD-3.8,0.5,1.0,"[""CO:FLOWER:CO-REGULATED-MARIJUANA:CO-METHOD-3.8""]",SC Reviewer CO,"[""CO:FLOWER:CO-REGULATED-MARIJUANA:CO-METHOD-3.8""]"
SC-CO-S011,SC-CO-COA-011,1,CO,SC-CO-LIC-04,FLOWER,"[{""at"":""2026-08-02T08:00:00Z"",""event"":""COLLECTED""},{""at"":""2026-08-02T10:00:00Z"",""event"":""TRANSFERRED""},{""at"":""2026-08-02T12:00:00Z"",""event"":""RECEIVED""}]",CO-RULES-2026.09,2027-09-01T00:00:00Z,CO-REGULATED-MARIJUANA,CO-METHOD-3.8,0.5,1.0,"[""CO:FLOWER:CO-REGULATED-MARIJUANA:CO-METHOD-3.8""]",SC Reviewer CO,"[""CO:FLOWER:CO-REGULATED-MARIJUANA:CO-METHOD-3.8""]"
SC-CO-S012,SC-CO-COA-012,1,CO,SC-CO-LIC-01,FLOWER,"[{""at"":""2026-08-03T08:00:00Z"",""event"":""COLLECTED""},{""at"":""2026-08-03T10:00:00Z"",""event"":""TRANSFERRED""},{""at"":""2026-08-03T12:00:00Z"",""event"":""RECEIVED""}]",CO-RULES-2026.09,2027-09-01T00:00:00Z,CO-REGULATED-MARIJUANA,CO-METHOD-3.8,0.5,1.0,"[""CO:FLOWER:CO-REGULATED-MARIJUANA:CO-METHOD-3.8""]",SC Reviewer CO,"[""CO:FLOWER:CO-REGULATED-MARIJUANA:CO-METHOD-3.8""]"
SC-CO-S013,SC-CO-COA-013,1,CO,SC-CO-LIC-02,FLOWER,"[{""at"":""2026-08-04T08:00:00Z"",""event"":""COLLECTED""},{""at"":""2026-08-04T10:00:00Z"",""event"":""TRANSFERRED""},{""at"":""2026-08-04T12:00:00Z"",""event"":""RECEIVED""}]",CO-RULES-2026.09,2027-09-01T00:00:00Z,CO-REGULATED-MARIJUANA,CO-METHOD-3.8,0.5,1.0,"[""CO:FLOWER:CO-REGULATED-MARIJUANA:CO-METHOD-3.8""]",SC Reviewer CO,"[""CO:FLOWER:CO-REGULATED-MARIJUANA:CO-METHOD-3.8""]"
SC-CO-S014,SC-CO-COA-014,1,CO,SC-CO-LIC-03,FLOWER,"[{""at"":""2026-08-05T08:00:00Z"",""event"":""COLLECTED""},{""at"":""2026-08-05T10:00:00Z"",""event"":""TRANSFERRED""},{""at"":""2026-08-05T12:00:00Z"",""event"":""RECEIVED""}]",CO-RULES-2026.09,2027-09-01T00:00:00Z,CO-REGULATED-MARIJUANA,CO-METHOD-3.8,0.5,1.0,"[""CO:FLOWER:CO-REGULATED-MARIJUANA:CO-METHOD-3.8""]",SC Reviewer CO,"[""CO:FLOWER:CO-REGULATED-MARIJUANA:CO-METHOD-3.8""]"
SC-CO-S015,SC-CO-COA-015,1,CO,SC-CO-LIC-04,FLOWER,"[{""at"":""2026-08-06T08:00:00Z"",""event"":""COLLECTED""},{""at"":""2026-08-06T10:00:00Z"",""event"":""TRANSFERRED""},{""at"":""2026-08-06T12:00:00Z"",""event"":""RECEIVED""}]",CO-RULES-2026.09,2027-09-01T00:00:00Z,CO-REGULATED-MARIJUANA,CO-METHOD-3.8,0.5,1.0,"[""CO:FLOWER:CO-REGULATED-MARIJUANA:CO-METHOD-3.8""]",SC Reviewer CO,"[""CO:FLOWER:CO-REGULATED-MARIJUANA:CO-METHOD-3.8""]"
SC-CO-S016,SC-CO-COA-016,1,CO,SC-CO-LIC-01,FLOWER,"[{""at"":""2026-08-07T08:00:00Z"",""event"":""COLLECTED""},{""at"":""2026-08-07T10:00:00Z"",""event"":""TRANSFERRED""},{""at"":""2026-08-07T12:00:00Z"",""event"":""RECEIVED""}]",CO-RULES-2026.09,2027-09-01T00:00:00Z,CO-REGULATED-MARIJUANA,CO-METHOD-3.8,0.5,1.0,"[""CO:FLOWER:CO-REGULATED-MARIJUANA:CO-METHOD-3.8""]",SC Reviewer CO,"[""CO:FLOWER:CO-REGULATED-MARIJUANA:CO-METHOD-3.8""]"
SC-CO-S017,SC-CO-COA-017,1,CO,SC-CO-LIC-02,FLOWER,"[{""at"":""2026-08-08T08:00:00Z"",""event"":""COLLECTED""},{""at"":""2026-08-08T10:00:00Z"",""event"":""TRANSFERRED""},{""at"":""2026-08-08T12:00:00Z"",""event"":""RECEIVED""}]",CO-RULES-2026.09,2027-09-01T00:00:00Z,CO-REGULATED-MARIJUANA,CO-METHOD-3.8,0.5,1.0,"[""CO:FLOWER:CO-REGULATED-MARIJUANA:CO-METHOD-3.8""]",SC Reviewer CO,"[""CO:FLOWER:CO-REGULATED-MARIJUANA:CO-METHOD-3.8""]"
SC-CO-S018,SC-CO-COA-018,1,CO,SC-CO-LIC-03,FLOWER,"[{""at"":""2026-08-09T08:00:00Z"",""event"":""COLLECTED""},{""at"":""2026-08-09T10:00:00Z"",""event"":""TRANSFERRED""},{""at"":""2026-08-09T12:00:00Z"",""event"":""RECEIVED""}]",CO-RULES-2026.09,2027-09-01T00:00:00Z,CO-REGULATED-MARIJUANA,CO-METHOD-3.8,0.5,1.0,"[""CO:FLOWER:CO-REGULATED-MARIJUANA:CO-METHOD-3.8""]",SC Reviewer CO,"[""CO:FLOWER:CO-REGULATED-MARIJUANA:CO-METHOD-3.8""]"
SC-CO-S019,SC-CO-COA-019,1,CO,SC-CO-LIC-04,FLOWER,"[{""at"":""2026-08-10T08:00:00Z"",""event"":""COLLECTED""},{""at"":""2026-08-10T10:00:00Z"",""event"":""TRANSFERRED""},{""at"":""2026-08-10T12:00:00Z"",""event"":""RECEIVED""}]",CO-RULES-2026.09,2027-09-01T00:00:00Z,CO-REGULATED-MARIJUANA,CO-METHOD-3.8,0.5,1.0,"[""CO:FLOWER:CO-REGULATED-MARIJUANA:CO-METHOD-3.8""]",SC Reviewer CO,"[""CO:FLOWER:CO-REGULATED-MARIJUANA:CO-METHOD-3.8""]"
SC-CO-S020,SC-CO-COA-020,1,CO,SC-CO-LIC-01,FLOWER,"[{""at"":""2026-08-11T08:00:00Z"",""event"":""COLLECTED""},{""at"":""2026-08-11T10:00:00Z"",""event"":""TRANSFERRED""},{""at"":""2026-08-11T12:00:00Z"",""event"":""RECEIVED""}]",CO-RULES-2026.09,2027-09-01T00:00:00Z,CO-REGULATED-MARIJUANA,CO-METHOD-3.8,0.5,1.0,"[""CO:FLOWER:CO-REGULATED-MARIJUANA:CO-METHOD-3.8""]",SC Reviewer CO,"[""CO:FLOWER:CO-REGULATED-MARIJUANA:CO-METHOD-3.8""]"
SC-CO-S021,SC-CO-COA-021,1,CO,SC-CO-LIC-02,FLOWER,"[{""at"":""2026-08-12T08:00:00Z"",""event"":""COLLECTED""},{""at"":""2026-08-12T10:00:00Z"",""event"":""TRANSFERRED""},{""at"":""2026-08-12T12:00:00Z"",""event"":""RECEIVED""}]",CO-RULES-2026.09,2027-09-01T00:00:00Z,CO-REGULATED-MARIJUANA,CO-METHOD-3.8,0.5,1.0,"[""CO:FLOWER:CO-REGULATED-MARIJUANA:CO-METHOD-3.8""]",SC Reviewer CO,"[""CO:FLOWER:CO-REGULATED-MARIJUANA:CO-METHOD-3.8""]"
SC-CO-S022,SC-CO-COA-022,1,CO,SC-CO-LIC-03,FLOWER,"[{""at"":""2026-08-13T08:00:00Z"",""event"":""COLLECTED""},{""at"":""2026-08-13T10:00:00Z"",""event"":""TRANSFERRED""},{""at"":""2026-08-13T12:00:00Z"",""event"":""RECEIVED""}]",CO-RULES-2026.09,2027-09-01T00:00:00Z,CO-REGULATED-MARIJUANA,CO-METHOD-3.8,0.5,1.0,"[""CO:FLOWER:CO-REGULATED-MARIJUANA:CO-METHOD-3.8""]",SC Reviewer CO,"[""CO:FLOWER:CO-REGULATED-MARIJUANA:CO-METHOD-3.8""]"
SC-CO-S023,SC-CO-COA-023,1,CO,SC-CO-LIC-04,FLOWER,"[{""at"":""2026-08-14T08:00:00Z"",""event"":""COLLECTED""},{""at"":""2026-08-14T10:00:00Z"",""event"":""TRANSFERRED""},{""at"":""2026-08-14T12:00:00Z"",""event"":""RECEIVED""}]",CO-RULES-2026.09,2027-09-01T00:00:00Z,CO-REGULATED-MARIJUANA,CO-METHOD-3.8,0.5,1.0,"[""CO:FLOWER:CO-REGULATED-MARIJUANA:CO-METHOD-3.8""]",SC Reviewer CO,"[""CO:FLOWER:CO-REGULATED-MARIJUANA:CO-METHOD-3.8""]"
SC-CO-S024,SC-CO-COA-024,1,CO,SC-CO-LIC-01,FLOWER,"[{""at"":""2026-08-15T08:00:00Z"",""event"":""COLLECTED""},{""at"":""2026-08-15T10:00:00Z"",""event"":""TRANSFERRED""},{""at"":""2026-08-15T12:00:00Z"",""event"":""RECEIVED""}]",CO-RULES-2026.09,2027-09-01T00:00:00Z,CO-REGULATED-MARIJUANA,CO-METHOD-3.8,0.5,1.0,"[""CO:FLOWER:CO-REGULATED-MARIJUANA:CO-METHOD-3.8""]",SC Reviewer CO,"[""CO:FLOWER:CO-REGULATED-MARIJUANA:CO-METHOD-3.8""]"
SC-CO-S025,SC-CO-COA-025,1,CO,SC-CO-LIC-02,FLOWER,"[{""at"":""2026-08-16T08:00:00Z"",""event"":""COLLECTED""},{""at"":""2026-08-16T10:00:00Z"",""event"":""TRANSFERRED""},{""at"":""2026-08-16T12:00:00Z"",""event"":""RECEIVED""}]",CO-RULES-2025.01,2026-01-01T00:00:00Z,CO-REGULATED-MARIJUANA,CO-METHOD-3.8,0.5,1.0,"[""CO:FLOWER:CO-REGULATED-MARIJUANA:CO-METHOD-3.8""]",SC Reviewer CO,"[""CO:FLOWER:CO-REGULATED-MARIJUANA:CO-METHOD-3.8""]"
SC-CO-S026,SC-CO-COA-026,1,CO,SC-CO-LIC-03,FLOWER,"[{""at"":""2026-08-17T08:00:00Z"",""event"":""COLLECTED""},{""at"":""2026-08-17T10:00:00Z"",""event"":""TRANSFERRED""},{""at"":""2026-08-17T12:00:00Z"",""event"":""RECEIVED""}]",CO-RULES-2026.09,2027-09-01T00:00:00Z,OTHER-JURISDICTION-PANEL,CO-METHOD-3.8,0.5,1.0,"[""CO:FLOWER:CO-REGULATED-MARIJUANA:CO-METHOD-3.8""]",SC Reviewer CO,"[""CO:FLOWER:CO-REGULATED-MARIJUANA:CO-METHOD-3.8""]"
SC-CO-S027,SC-CO-COA-027,1,CO,SC-CO-LIC-04,FLOWER,"[{""at"":""2026-08-18T08:00:00Z"",""event"":""COLLECTED""},{""at"":""2026-08-18T10:00:00Z"",""event"":""TRANSFERRED""},{""at"":""2026-08-18T12:00:00Z"",""event"":""RECEIVED""}]",CO-RULES-2026.09,2027-09-01T00:00:00Z,CO-REGULATED-MARIJUANA,CO-METHOD-3.8,2.0,1.0,"[""CO:FLOWER:CO-REGULATED-MARIJUANA:CO-METHOD-3.8""]",SC Reviewer CO,"[""CO:FLOWER:CO-REGULATED-MARIJUANA:CO-METHOD-3.8""]"
SC-CO-S028,SC-CO-COA-028,1,CO,SC-CO-LIC-01,FLOWER,"[{""at"":""2026-08-19T08:00:00Z"",""event"":""COLLECTED""},{""at"":""2026-08-19T10:00:00Z"",""event"":""TRANSFERRED""}]",CO-RULES-2026.09,2027-09-01T00:00:00Z,CO-REGULATED-MARIJUANA,CO-METHOD-3.8,0.5,1.0,"[""CO:FLOWER:CO-REGULATED-MARIJUANA:CO-METHOD-3.8""]",SC Reviewer CO,"[""CO:FLOWER:CO-REGULATED-MARIJUANA:CO-METHOD-3.8""]"
SC-CO-S001,SC-CO-COA-001,1,CO,SC-CO-LIC-02,FLOWER,"[{""at"":""2026-08-20T08:00:00Z"",""event"":""COLLECTED""},{""at"":""2026-08-20T10:00:00Z"",""event"":""TRANSFERRED""},{""at"":""2026-08-20T12:00:00Z"",""event"":""RECEIVED""}]",CO-RULES-2026.09,2027-09-01T00:00:00Z,CO-REGULATED-MARIJUANA,CO-METHOD-3.8,0.5,1.0,"[""CO:FLOWER:CO-REGULATED-MARIJUANA:CO-METHOD-3.8""]",SC Reviewer CO,"[""CO:FLOWER:CO-REGULATED-MARIJUANA:CO-METHOD-3.8""]"
SC-CO-S030,SC-CO-COA-030,1,CO,SC-CO-LIC-03,FLOWER,"[{""at"":""2026-08-01T08:00:00Z"",""event"":""COLLECTED""},{""at"":""2026-08-01T10:00:00Z"",""event"":""TRANSFERRED""},{""at"":""2026-08-01T12:00:00Z"",""event"":""RECEIVED""}]",CO-RULES-2026.09,2027-09-01T00:00:00Z,CO-REGULATED-MARIJUANA,CO-METHOD-3.8,0.5,1.0,"[""CO:FLOWER:CO-REGULATED-MARIJUANA:CO-METHOD-3.8""]",SC Reviewer CO,"[""OUT-OF-SCOPE""]"
SC-MI-S001,SC-MI-COA-001,1,MI,SC-MI-LIC-02,FLOWER,"[{""at"":""2026-08-02T08:00:00Z"",""event"":""COLLECTED""},{""at"":""2026-08-02T10:00:00Z"",""event"":""TRANSFERRED""},{""at"":""2026-08-02T12:00:00Z"",""event"":""RECEIVED""}]",MI-RULES-2026.09,2027-09-01T00:00:00Z,MI-SAFETY-COMPLIANCE,MI-METHOD-2.5,0.5,1.0,"[""MI:FLOWER:MI-SAFETY-COMPLIANCE:MI-METHOD-2.5""]",SC Reviewer MI,"[""MI:FLOWER:MI-SAFETY-COMPLIANCE:MI-METHOD-2.5""]"
SC-MI-S002,SC-MI-COA-002,1,MI,SC-MI-LIC-03,FLOWER,"[{""at"":""2026-08-03T08:00:00Z"",""event"":""COLLECTED""},{""at"":""2026-08-03T10:00:00Z"",""event"":""TRANSFERRED""},{""at"":""2026-08-03T12:00:00Z"",""event"":""RECEIVED""}]",MI-RULES-2026.09,2027-09-01T00:00:00Z,MI-SAFETY-COMPLIANCE,MI-METHOD-2.5,0.5,1.0,"[""MI:FLOWER:MI-SAFETY-COMPLIANCE:MI-METHOD-2.5""]",SC Reviewer MI,"[""MI:FLOWER:MI-SAFETY-COMPLIANCE:MI-METHOD-2.5""]"
SC-MI-S003,SC-MI-COA-003,1,MI,SC-MI-LIC-04,FLOWER,"[{""at"":""2026-08-04T08:00:00Z"",""event"":""COLLECTED""},{""at"":""2026-08-04T10:00:00Z"",""event"":""TRANSFERRED""},{""at"":""2026-08-04T12:00:00Z"",""event"":""RECEIVED""}]",MI-RULES-2026.09,2027-09-01T00:00:00Z,MI-SAFETY-COMPLIANCE,MI-METHOD-2.5,0.5,1.0,"[""MI:FLOWER:MI-SAFETY-COMPLIANCE:MI-METHOD-2.5""]",SC Reviewer MI,"[""MI:FLOWER:MI-SAFETY-COMPLIANCE:MI-METHOD-2.5""]"
SC-MI-S004,SC-MI-COA-004,1,MI,SC-MI-LIC-01,FLOWER,"[{""at"":""2026-08-05T08:00:00Z"",""event"":""COLLECTED""},{""at"":""2026-08-05T10:00:00Z"",""event"":""TRANSFERRED""},{""at"":""2026-08-05T12:00:00Z"",""event"":""RECEIVED""}]",MI-RULES-2026.09,2027-09-01T00:00:00Z,MI-SAFETY-COMPLIANCE,MI-METHOD-2.5,0.5,1.0,"[""MI:FLOWER:MI-SAFETY-COMPLIANCE:MI-METHOD-2.5""]",SC Reviewer MI,"[""MI:FLOWER:MI-SAFETY-COMPLIANCE:MI-METHOD-2.5""]"
SC-MI-S005,SC-MI-COA-005,1,MI,SC-MI-LIC-02,FLOWER,"[{""at"":""2026-08-06T08:00:00Z"",""event"":""COLLECTED""},{""at"":""2026-08-06T10:00:00Z"",""event"":""TRANSFERRED""},{""at"":""2026-08-06T12:00:00Z"",""event"":""RECEIVED""}]",MI-RULES-2026.09,2027-09-01T00:00:00Z,MI-SAFETY-COMPLIANCE,MI-METHOD-2.5,0.5,1.0,"[""MI:FLOWER:MI-SAFETY-COMPLIANCE:MI-METHOD-2.5""]",SC Reviewer MI,"[""MI:FLOWER:MI-SAFETY-COMPLIANCE:MI-METHOD-2.5""]"
SC-MI-S006,SC-MI-COA-006,1,MI,SC-MI-LIC-03,FLOWER,"[{""at"":""2026-08-07T08:00:00Z"",""event"":""COLLECTED""},{""at"":""2026-08-07T10:00:00Z"",""event"":""TRANSFERRED""},{""at"":""2026-08-07T12:00:00Z"",""event"":""RECEIVED""}]",MI-RULES-2026.09,2027-09-01T00:00:00Z,MI-SAFETY-COMPLIANCE,MI-METHOD-2.5,0.5,1.0,"[""MI:FLOWER:MI-SAFETY-COMPLIANCE:MI-METHOD-2.5""]",SC Reviewer MI,"[""MI:FLOWER:MI-SAFETY-COMPLIANCE:MI-METHOD-2.5""]"
SC-MI-S007,SC-MI-COA-007,1,MI,SC-MI-LIC-04,FLOWER,"[{""at"":""2026-08-08T08:00:00Z"",""event"":""COLLECTED""},{""at"":""2026-08-08T10:00:00Z"",""event"":""TRANSFERRED""},{""at"":""2026-08-08T12:00:00Z"",""event"":""RECEIVED""}]",MI-RULES-2026.09,2027-09-01T00:00:00Z,MI-SAFETY-COMPLIANCE,MI-METHOD-2.5,0.5,1.0,"[""MI:FLOWER:MI-SAFETY-COMPLIANCE:MI-METHOD-2.5""]",SC Reviewer MI,"[""MI:FLOWER:MI-SAFETY-COMPLIANCE:MI-METHOD-2.5""]"
SC-MI-S008,SC-MI-COA-008,1,MI,SC-MI-LIC-01,FLOWER,"[{""at"":""2026-08-09T08:00:00Z"",""event"":""COLLECTED""},{""at"":""2026-08-09T10:00:00Z"",""event"":""TRANSFERRED""},{""at"":""2026-08-09T12:00:00Z"",""event"":""RECEIVED""}]",MI-RULES-2026.09,2027-09-01T00:00:00Z,MI-SAFETY-COMPLIANCE,MI-METHOD-2.5,0.5,1.0,"[""MI:FLOWER:MI-SAFETY-COMPLIANCE:MI-METHOD-2.5""]",SC Reviewer MI,"[""MI:FLOWER:MI-SAFETY-COMPLIANCE:MI-METHOD-2.5""]"
SC-MI-S009,SC-MI-COA-009,1,MI,SC-MI-LIC-02,FLOWER,"[{""at"":""2026-08-10T08:00:00Z"",""event"":""COLLECTED""},{""at"":""2026-08-10T10:00:00Z"",""event"":""TRANSFERRED""},{""at"":""2026-08-10T12:00:00Z"",""event"":""RECEIVED""}]",MI-RULES-2026.09,2027-09-01T00:00:00Z,MI-SAFETY-COMPLIANCE,MI-METHOD-2.5,0.5,1.0,"[""MI:FLOWER:MI-SAFETY-COMPLIANCE:MI-METHOD-2.5""]",SC Reviewer MI,"[""MI:FLOWER:MI-SAFETY-COMPLIANCE:MI-METHOD-2.5""]"
SC-MI-S010,SC-MI-COA-010,1,MI,SC-MI-LIC-03,FLOWER,"[{""at"":""2026-08-11T08:00:00Z"",""event"":""COLLECTED""},{""at"":""2026-08-11T10:00:00Z"",""event"":""TRANSFERRED""},{""at"":""2026-08-11T12:00:00Z"",""event"":""RECEIVED""}]",MI-RULES-2026.09,2027-09-01T00:00:00Z,MI-SAFETY-COMPLIANCE,MI-METHOD-2.5,0.5,1.0,"[""MI:FLOWER:MI-SAFETY-COMPLIANCE:MI-METHOD-2.5""]",SC Reviewer MI,"[""MI:FLOWER:MI-SAFETY-COMPLIANCE:MI-METHOD-2.5""]"
SC-MI-S011,SC-MI-COA-011,1,MI,SC-MI-LIC-04,FLOWER,"[{""at"":""2026-08-12T08:00:00Z"",""event"":""COLLECTED""},{""at"":""2026-08-12T10:00:00Z"",""event"":""TRANSFERRED""},{""at"":""2026-08-12T12:00:00Z"",""event"":""RECEIVED""}]",MI-RULES-2026.09,2027-09-01T00:00:00Z,MI-SAFETY-COMPLIANCE,MI-METHOD-2.5,0.5,1.0,"[""MI:FLOWER:MI-SAFETY-COMPLIANCE:MI-METHOD-2.5""]",SC Reviewer MI,"[""MI:FLOWER:MI-SAFETY-COMPLIANCE:MI-METHOD-2.5""]"
SC-MI-S012,SC-MI-COA-012,1,MI,SC-MI-LIC-01,FLOWER,"[{""at"":""2026-08-13T08:00:00Z"",""event"":""COLLECTED""},{""at"":""2026-08-13T10:00:00Z"",""event"":""TRANSFERRED""},{""at"":""2026-08-13T12:00:00Z"",""event"":""RECEIVED""}]",MI-RULES-2026.09,2027-09-01T00:00:00Z,MI-SAFETY-COMPLIANCE,MI-METHOD-2.5,0.5,1.0,"[""MI:FLOWER:MI-SAFETY-COMPLIANCE:MI-METHOD-2.5""]",SC Reviewer MI,"[""MI:FLOWER:MI-SAFETY-COMPLIANCE:MI-METHOD-2.5""]"
SC-MI-S013,SC-MI-COA-013,1,MI,SC-MI-LIC-02,FLOWER,"[{""at"":""2026-08-14T08:00:00Z"",""event"":""COLLECTED""},{""at"":""2026-08-14T10:00:00Z"",""event"":""TRANSFERRED""},{""at"":""2026-08-14T12:00:00Z"",""event"":""RECEIVED""}]",MI-RULES-2026.09,2027-09-01T00:00:00Z,MI-SAFETY-COMPLIANCE,MI-METHOD-2.5,0.5,1.0,"[""MI:FLOWER:MI-SAFETY-COMPLIANCE:MI-METHOD-2.5""]",SC Reviewer MI,"[""MI:FLOWER:MI-SAFETY-COMPLIANCE:MI-METHOD-2.5""]"
SC-MI-S014,SC-MI-COA-014,1,MI,SC-MI-LIC-03,FLOWER,"[{""at"":""2026-08-15T08:00:00Z"",""event"":""COLLECTED""},{""at"":""2026-08-15T10:00:00Z"",""event"":""TRANSFERRED""},{""at"":""2026-08-15T12:00:00Z"",""event"":""RECEIVED""}]",MI-RULES-2026.09,2027-09-01T00:00:00Z,MI-SAFETY-COMPLIANCE,MI-METHOD-2.5,0.5,1.0,"[""MI:FLOWER:MI-SAFETY-COMPLIANCE:MI-METHOD-2.5""]",SC Reviewer MI,"[""MI:FLOWER:MI-SAFETY-COMPLIANCE:MI-METHOD-2.5""]"
SC-MI-S015,SC-MI-COA-015,1,MI,SC-MI-LIC-04,FLOWER,"[{""at"":""2026-08-16T08:00:00Z"",""event"":""COLLECTED""},{""at"":""2026-08-16T10:00:00Z"",""event"":""TRANSFERRED""},{""at"":""2026-08-16T12:00:00Z"",""event"":""RECEIVED""}]",MI-RULES-2026.09,2027-09-01T00:00:00Z,MI-SAFETY-COMPLIANCE,MI-METHOD-2.5,0.5,1.0,"[""MI:FLOWER:MI-SAFETY-COMPLIANCE:MI-METHOD-2.5""]",SC Reviewer MI,"[""MI:FLOWER:MI-SAFETY-COMPLIANCE:MI-METHOD-2.5""]"
SC-MI-S016,SC-MI-COA-016,1,MI,SC-MI-LIC-01,FLOWER,"[{""at"":""2026-08-17T08:00:00Z"",""event"":""COLLECTED""},{""at"":""2026-08-17T10:00:00Z"",""event"":""TRANSFERRED""},{""at"":""2026-08-17T12:00:00Z"",""event"":""RECEIVED""}]",MI-RULES-2026.09,2027-09-01T00:00:00Z,MI-SAFETY-COMPLIANCE,MI-METHOD-2.5,0.5,1.0,"[""MI:FLOWER:MI-SAFETY-COMPLIANCE:MI-METHOD-2.5""]",SC Reviewer MI,"[""MI:FLOWER:MI-SAFETY-COMPLIANCE:MI-METHOD-2.5""]"
SC-MI-S017,SC-MI-COA-017,1,MI,SC-MI-LIC-02,FLOWER,"[{""at"":""2026-08-18T08:00:00Z"",""event"":""COLLECTED""},{""at"":""2026-08-18T10:00:00Z"",""event"":""TRANSFERRED""},{""at"":""2026-08-18T12:00:00Z"",""event"":""RECEIVED""}]",MI-RULES-2026.09,2027-09-01T00:00:00Z,MI-SAFETY-COMPLIANCE,MI-METHOD-2.5,0.5,1.0,"[""MI:FLOWER:MI-SAFETY-COMPLIANCE:MI-METHOD-2.5""]",SC Reviewer MI,"[""MI:FLOWER:MI-SAFETY-COMPLIANCE:MI-METHOD-2.5""]"
SC-MI-S018,SC-MI-COA-018,1,MI,SC-MI-LIC-03,FLOWER,"[{""at"":""2026-08-19T08:00:00Z"",""event"":""COLLECTED""},{""at"":""2026-08-19T10:00:00Z"",""event"":""TRANSFERRED""},{""at"":""2026-08-19T12:00:00Z"",""event"":""RECEIVED""}]",MI-RULES-2026.09,2027-09-01T00:00:00Z,MI-SAFETY-COMPLIANCE,MI-METHOD-2.5,0.5,1.0,"[""MI:FLOWER:MI-SAFETY-COMPLIANCE:MI-METHOD-2.5""]",SC Reviewer MI,"[""MI:FLOWER:MI-SAFETY-COMPLIANCE:MI-METHOD-2.5""]"
SC-MI-S019,SC-MI-COA-019,1,MI,SC-MI-LIC-04,FLOWER,"[{""at"":""2026-08-20T08:00:00Z"",""event"":""COLLECTED""},{""at"":""2026-08-20T10:00:00Z"",""event"":""TRANSFERRED""},{""at"":""2026-08-20T12:00:00Z"",""event"":""RECEIVED""}]",MI-RULES-2026.09,2027-09-01T00:00:00Z,MI-SAFETY-COMPLIANCE,MI-METHOD-2.5,0.5,1.0,"[""MI:FLOWER:MI-SAFETY-COMPLIANCE:MI-METHOD-2.5""]",SC Reviewer MI,"[""MI:FLOWER:MI-SAFETY-COMPLIANCE:MI-METHOD-2.5""]"
SC-MI-S020,SC-MI-COA-020,1,MI,SC-MI-LIC-01,FLOWER,"[{""at"":""2026-08-01T08:00:00Z"",""event"":""COLLECTED""},{""at"":""2026-08-01T10:00:00Z"",""event"":""TRANSFERRED""},{""at"":""2026-08-01T12:00:00Z"",""event"":""RECEIVED""}]",MI-RULES-2026.09,2027-09-01T00:00:00Z,MI-SAFETY-COMPLIANCE,MI-METHOD-2.5,0.5,1.0,"[""MI:FLOWER:MI-SAFETY-COMPLIANCE:MI-METHOD-2.5""]",SC Reviewer MI,"[""MI:FLOWER:MI-SAFETY-COMPLIANCE:MI-METHOD-2.5""]"
SC-MI-S021,SC-MI-COA-021,1,MI,SC-MI-LIC-02,FLOWER,"[{""at"":""2026-08-02T08:00:00Z"",""event"":""COLLECTED""},{""at"":""2026-08-02T10:00:00Z"",""event"":""TRANSFERRED""},{""at"":""2026-08-02T12:00:00Z"",""event"":""RECEIVED""}]",MI-RULES-2026.09,2027-09-01T00:00:00Z,MI-SAFETY-COMPLIANCE,MI-METHOD-2.5,0.5,1.0,"[""MI:FLOWER:MI-SAFETY-COMPLIANCE:MI-METHOD-2.5""]",SC Reviewer MI,"[""MI:FLOWER:MI-SAFETY-COMPLIANCE:MI-METHOD-2.5""]"
SC-MI-S022,SC-MI-COA-022,1,MI,SC-MI-LIC-03,FLOWER,"[{""at"":""2026-08-03T08:00:00Z"",""event"":""COLLECTED""},{""at"":""2026-08-03T10:00:00Z"",""event"":""TRANSFERRED""},{""at"":""2026-08-03T12:00:00Z"",""event"":""RECEIVED""}]",MI-RULES-2026.09,2027-09-01T00:00:00Z,MI-SAFETY-COMPLIANCE,MI-METHOD-2.5,0.5,1.0,"[""MI:FLOWER:MI-SAFETY-COMPLIANCE:MI-METHOD-2.5""]",SC Reviewer MI,"[""MI:FLOWER:MI-SAFETY-COMPLIANCE:MI-METHOD-2.5""]"
SC-MI-S023,SC-MI-COA-023,1,MI,SC-MI-LIC-04,FLOWER,"[{""at"":""2026-08-04T08:00:00Z"",""event"":""COLLECTED""},{""at"":""2026-08-04T10:00:00Z"",""event"":""TRANSFERRED""},{""at"":""2026-08-04T12:00:00Z"",""event"":""RECEIVED""}]",MI-RULES-2026.09,2027-09-01T00:00:00Z,MI-SAFETY-COMPLIANCE,MI-METHOD-2.5,0.5,1.0,"[""MI:FLOWER:MI-SAFETY-COMPLIANCE:MI-METHOD-2.5""]",SC Reviewer MI,"[""MI:FLOWER:MI-SAFETY-COMPLIANCE:MI-METHOD-2.5""]"
SC-MI-S024,SC-MI-COA-024,1,MI,SC-MI-LIC-01,FLOWER,"[{""at"":""2026-08-05T08:00:00Z"",""event"":""COLLECTED""},{""at"":""2026-08-05T10:00:00Z"",""event"":""TRANSFERRED""},{""at"":""2026-08-05T12:00:00Z"",""event"":""RECEIVED""}]",MI-RULES-2026.09,2027-09-01T00:00:00Z,MI-SAFETY-COMPLIANCE,MI-METHOD-2.5,0.5,1.0,"[""MI:FLOWER:MI-SAFETY-COMPLIANCE:MI-METHOD-2.5""]",SC Reviewer MI,"[""MI:FLOWER:MI-SAFETY-COMPLIANCE:MI-METHOD-2.5""]"
SC-MI-S025,SC-MI-COA-025,1,MI,SC-MI-LIC-02,FLOWER,"[{""at"":""2026-08-06T08:00:00Z"",""event"":""COLLECTED""},{""at"":""2026-08-06T10:00:00Z"",""event"":""TRANSFERRED""},{""at"":""2026-08-06T12:00:00Z"",""event"":""RECEIVED""}]",MI-RULES-2025.01,2026-01-01T00:00:00Z,MI-SAFETY-COMPLIANCE,MI-METHOD-2.5,0.5,1.0,"[""MI:FLOWER:MI-SAFETY-COMPLIANCE:MI-METHOD-2.5""]",SC Reviewer MI,"[""MI:FLOWER:MI-SAFETY-COMPLIANCE:MI-METHOD-2.5""]"
SC-MI-S026,SC-MI-COA-026,1,MI,SC-MI-LIC-03,FLOWER,"[{""at"":""2026-08-07T08:00:00Z"",""event"":""COLLECTED""},{""at"":""2026-08-07T10:00:00Z"",""event"":""TRANSFERRED""},{""at"":""2026-08-07T12:00:00Z"",""event"":""RECEIVED""}]",MI-RULES-2026.09,2027-09-01T00:00:00Z,OTHER-JURISDICTION-PANEL,MI-METHOD-2.5,0.5,1.0,"[""MI:FLOWER:MI-SAFETY-COMPLIANCE:MI-METHOD-2.5""]",SC Reviewer MI,"[""MI:FLOWER:MI-SAFETY-COMPLIANCE:MI-METHOD-2.5""]"
SC-MI-S027,SC-MI-COA-027,1,MI,SC-MI-LIC-04,FLOWER,"[{""at"":""2026-08-08T08:00:00Z"",""event"":""COLLECTED""},{""at"":""2026-08-08T10:00:00Z"",""event"":""TRANSFERRED""},{""at"":""2026-08-08T12:00:00Z"",""event"":""RECEIVED""}]",MI-RULES-2026.09,2027-09-01T00:00:00Z,MI-SAFETY-COMPLIANCE,MI-METHOD-2.5,2.0,1.0,"[""MI:FLOWER:MI-SAFETY-COMPLIANCE:MI-METHOD-2.5""]",SC Reviewer MI,"[""MI:FLOWER:MI-SAFETY-COMPLIANCE:MI-METHOD-2.5""]"
SC-MI-S028,SC-MI-COA-028,1,MI,SC-MI-LIC-01,FLOWER,"[{""at"":""2026-08-09T08:00:00Z"",""event"":""COLLECTED""},{""at"":""2026-08-09T10:00:00Z"",""event"":""TRANSFERRED""}]",MI-RULES-2026.09,2027-09-01T00:00:00Z,MI-SAFETY-COMPLIANCE,MI-METHOD-2.5,0.5,1.0,"[""MI:FLOWER:MI-SAFETY-COMPLIANCE:MI-METHOD-2.5""]",SC Reviewer MI,"[""MI:FLOWER:MI-SAFETY-COMPLIANCE:MI-METHOD-2.5""]"
SC-MI-S001,SC-MI-COA-001,1,MI,SC-MI-LIC-02,FLOWER,"[{""at"":""2026-08-10T08:00:00Z"",""event"":""COLLECTED""},{""at"":""2026-08-10T10:00:00Z"",""event"":""TRANSFERRED""},{""at"":""2026-08-10T12:00:00Z"",""event"":""RECEIVED""}]",MI-RULES-2026.09,2027-09-01T00:00:00Z,MI-SAFETY-COMPLIANCE,MI-METHOD-2.5,0.5,1.0,"[""MI:FLOWER:MI-SAFETY-COMPLIANCE:MI-METHOD-2.5""]",SC Reviewer MI,"[""MI:FLOWER:MI-SAFETY-COMPLIANCE:MI-METHOD-2.5""]"
SC-MI-S030,SC-MI-COA-030,1,MI,SC-MI-LIC-03,FLOWER,"[{""at"":""2026-08-11T08:00:00Z"",""event"":""COLLECTED""},{""at"":""2026-08-11T10:00:00Z"",""event"":""TRANSFERRED""},{""at"":""2026-08-11T12:00:00Z"",""event"":""RECEIVED""}]",MI-RULES-2026.09,2027-09-01T00:00:00Z,MI-SAFETY-COMPLIANCE,MI-METHOD-2.5,0.5,1.0,"[""MI:FLOWER:MI-SAFETY-COMPLIANCE:MI-METHOD-2.5""]",SC Reviewer MI,"[""OUT-OF-SCOPE""]"
SC-OR-S001,SC-OR-COA-001,1,OR,SC-OR-LIC-02,FLOWER,"[{""at"":""2026-08-12T08:00:00Z"",""event"":""COLLECTED""},{""at"":""2026-08-12T10:00:00Z"",""event"":""TRANSFERRED""},{""at"":""2026-08-12T12:00:00Z"",""event"":""RECEIVED""}]",OR-RULES-2026.09,2027-09-01T00:00:00Z,OR-CANNABIS-COMPLIANCE,OR-METHOD-5.1,0.5,1.0,"[""OR:FLOWER:OR-CANNABIS-COMPLIANCE:OR-METHOD-5.1""]",SC Reviewer OR,"[""OR:FLOWER:OR-CANNABIS-COMPLIANCE:OR-METHOD-5.1""]"
SC-OR-S002,SC-OR-COA-002,1,OR,SC-OR-LIC-03,FLOWER,"[{""at"":""2026-08-13T08:00:00Z"",""event"":""COLLECTED""},{""at"":""2026-08-13T10:00:00Z"",""event"":""TRANSFERRED""},{""at"":""2026-08-13T12:00:00Z"",""event"":""RECEIVED""}]",OR-RULES-2026.09,2027-09-01T00:00:00Z,OR-CANNABIS-COMPLIANCE,OR-METHOD-5.1,0.5,1.0,"[""OR:FLOWER:OR-CANNABIS-COMPLIANCE:OR-METHOD-5.1""]",SC Reviewer OR,"[""OR:FLOWER:OR-CANNABIS-COMPLIANCE:OR-METHOD-5.1""]"
SC-OR-S003,SC-OR-COA-003,1,OR,SC-OR-LIC-04,FLOWER,"[{""at"":""2026-08-14T08:00:00Z"",""event"":""COLLECTED""},{""at"":""2026-08-14T10:00:00Z"",""event"":""TRANSFERRED""},{""at"":""2026-08-14T12:00:00Z"",""event"":""RECEIVED""}]",OR-RULES-2026.09,2027-09-01T00:00:00Z,OR-CANNABIS-COMPLIANCE,OR-METHOD-5.1,0.5,1.0,"[""OR:FLOWER:OR-CANNABIS-COMPLIANCE:OR-METHOD-5.1""]",SC Reviewer OR,"[""OR:FLOWER:OR-CANNABIS-COMPLIANCE:OR-METHOD-5.1""]"
SC-OR-S004,SC-OR-COA-004,1,OR,SC-OR-LIC-01,FLOWER,"[{""at"":""2026-08-15T08:00:00Z"",""event"":""COLLECTED""},{""at"":""2026-08-15T10:00:00Z"",""event"":""TRANSFERRED""},{""at"":""2026-08-15T12:00:00Z"",""event"":""RECEIVED""}]",OR-RULES-2026.09,2027-09-01T00:00:00Z,OR-CANNABIS-COMPLIANCE,OR-METHOD-5.1,0.5,1.0,"[""OR:FLOWER:OR-CANNABIS-COMPLIANCE:OR-METHOD-5.1""]",SC Reviewer OR,"[""OR:FLOWER:OR-CANNABIS-COMPLIANCE:OR-METHOD-5.1""]"
SC-OR-S005,SC-OR-COA-005,1,OR,SC-OR-LIC-02,FLOWER,"[{""at"":""2026-08-16T08:00:00Z"",""event"":""COLLECTED""},{""at"":""2026-08-16T10:00:00Z"",""event"":""TRANSFERRED""},{""at"":""2026-08-16T12:00:00Z"",""event"":""RECEIVED""}]",OR-RULES-2026.09,2027-09-01T00:00:00Z,OR-CANNABIS-COMPLIANCE,OR-METHOD-5.1,0.5,1.0,"[""OR:FLOWER:OR-CANNABIS-COMPLIANCE:OR-METHOD-5.1""]",SC Reviewer OR,"[""OR:FLOWER:OR-CANNABIS-COMPLIANCE:OR-METHOD-5.1""]"
SC-OR-S006,SC-OR-COA-006,1,OR,SC-OR-LIC-03,FLOWER,"[{""at"":""2026-08-17T08:00:00Z"",""event"":""COLLECTED""},{""at"":""2026-08-17T10:00:00Z"",""event"":""TRANSFERRED""},{""at"":""2026-08-17T12:00:00Z"",""event"":""RECEIVED""}]",OR-RULES-2026.09,2027-09-01T00:00:00Z,OR-CANNABIS-COMPLIANCE,OR-METHOD-5.1,0.5,1.0,"[""OR:FLOWER:OR-CANNABIS-COMPLIANCE:OR-METHOD-5.1""]",SC Reviewer OR,"[""OR:FLOWER:OR-CANNABIS-COMPLIANCE:OR-METHOD-5.1""]"
SC-OR-S007,SC-OR-COA-007,1,OR,SC-OR-LIC-04,FLOWER,"[{""at"":""2026-08-18T08:00:00Z"",""event"":""COLLECTED""},{""at"":""2026-08-18T10:00:00Z"",""event"":""TRANSFERRED""},{""at"":""2026-08-18T12:00:00Z"",""event"":""RECEIVED""}]",OR-RULES-2026.09,2027-09-01T00:00:00Z,OR-CANNABIS-COMPLIANCE,OR-METHOD-5.1,0.5,1.0,"[""OR:FLOWER:OR-CANNABIS-COMPLIANCE:OR-METHOD-5.1""]",SC Reviewer OR,"[""OR:FLOWER:OR-CANNABIS-COMPLIANCE:OR-METHOD-5.1""]"
SC-OR-S008,SC-OR-COA-008,1,OR,SC-OR-LIC-01,FLOWER,"[{""at"":""2026-08-19T08:00:00Z"",""event"":""COLLECTED""},{""at"":""2026-08-19T10:00:00Z"",""event"":""TRANSFERRED""},{""at"":""2026-08-19T12:00:00Z"",""event"":""RECEIVED""}]",OR-RULES-2026.09,2027-09-01T00:00:00Z,OR-CANNABIS-COMPLIANCE,OR-METHOD-5.1,0.5,1.0,"[""OR:FLOWER:OR-CANNABIS-COMPLIANCE:OR-METHOD-5.1""]",SC Reviewer OR,"[""OR:FLOWER:OR-CANNABIS-COMPLIANCE:OR-METHOD-5.1""]"
SC-OR-S009,SC-OR-COA-009,1,OR,SC-OR-LIC-02,FLOWER,"[{""at"":""2026-08-20T08:00:00Z"",""event"":""COLLECTED""},{""at"":""2026-08-20T10:00:00Z"",""event"":""TRANSFERRED""},{""at"":""2026-08-20T12:00:00Z"",""event"":""RECEIVED""}]",OR-RULES-2026.09,2027-09-01T00:00:00Z,OR-CANNABIS-COMPLIANCE,OR-METHOD-5.1,0.5,1.0,"[""OR:FLOWER:OR-CANNABIS-COMPLIANCE:OR-METHOD-5.1""]",SC Reviewer OR,"[""OR:FLOWER:OR-CANNABIS-COMPLIANCE:OR-METHOD-5.1""]"
SC-OR-S010,SC-OR-COA-010,1,OR,SC-OR-LIC-03,FLOWER,"[{""at"":""2026-08-01T08:00:00Z"",""event"":""COLLECTED""},{""at"":""2026-08-01T10:00:00Z"",""event"":""TRANSFERRED""},{""at"":""2026-08-01T12:00:00Z"",""event"":""RECEIVED""}]",OR-RULES-2026.09,2027-09-01T00:00:00Z,OR-CANNABIS-COMPLIANCE,OR-METHOD-5.1,0.5,1.0,"[""OR:FLOWER:OR-CANNABIS-COMPLIANCE:OR-METHOD-5.1""]",SC Reviewer OR,"[""OR:FLOWER:OR-CANNABIS-COMPLIANCE:OR-METHOD-5.1""]"
SC-OR-S011,SC-OR-COA-011,1,OR,SC-OR-LIC-04,FLOWER,"[{""at"":""2026-08-02T08:00:00Z"",""event"":""COLLECTED""},{""at"":""2026-08-02T10:00:00Z"",""event"":""TRANSFERRED""},{""at"":""2026-08-02T12:00:00Z"",""event"":""RECEIVED""}]",OR-RULES-2026.09,2027-09-01T00:00:00Z,OR-CANNABIS-COMPLIANCE,OR-METHOD-5.1,0.5,1.0,"[""OR:FLOWER:OR-CANNABIS-COMPLIANCE:OR-METHOD-5.1""]",SC Reviewer OR,"[""OR:FLOWER:OR-CANNABIS-COMPLIANCE:OR-METHOD-5.1""]"
SC-OR-S012,SC-OR-COA-012,1,OR,SC-OR-LIC-01,FLOWER,"[{""at"":""2026-08-03T08:00:00Z"",""event"":""COLLECTED""},{""at"":""2026-08-03T10:00:00Z"",""event"":""TRANSFERRED""},{""at"":""2026-08-03T12:00:00Z"",""event"":""RECEIVED""}]",OR-RULES-2026.09,2027-09-01T00:00:00Z,OR-CANNABIS-COMPLIANCE,OR-METHOD-5.1,0.5,1.0,"[""OR:FLOWER:OR-CANNABIS-COMPLIANCE:OR-METHOD-5.1""]",SC Reviewer OR,"[""OR:FLOWER:OR-CANNABIS-COMPLIANCE:OR-METHOD-5.1""]"
SC-OR-S013,SC-OR-COA-013,1,OR,SC-OR-LIC-02,FLOWER,"[{""at"":""2026-08-04T08:00:00Z"",""event"":""COLLECTED""},{""at"":""2026-08-04T10:00:00Z"",""event"":""TRANSFERRED""},{""at"":""2026-08-04T12:00:00Z"",""event"":""RECEIVED""}]",OR-RULES-2026.09,2027-09-01T00:00:00Z,OR-CANNABIS-COMPLIANCE,OR-METHOD-5.1,0.5,1.0,"[""OR:FLOWER:OR-CANNABIS-COMPLIANCE:OR-METHOD-5.1""]",SC Reviewer OR,"[""OR:FLOWER:OR-CANNABIS-COMPLIANCE:OR-METHOD-5.1""]"
SC-OR-S014,SC-OR-COA-014,1,OR,SC-OR-LIC-03,FLOWER,"[{""at"":""2026-08-05T08:00:00Z"",""event"":""COLLECTED""},{""at"":""2026-08-05T10:00:00Z"",""event"":""TRANSFERRED""},{""at"":""2026-08-05T12:00:00Z"",""event"":""RECEIVED""}]",OR-RULES-2026.09,2027-09-01T00:00:00Z,OR-CANNABIS-COMPLIANCE,OR-METHOD-5.1,0.5,1.0,"[""OR:FLOWER:OR-CANNABIS-COMPLIANCE:OR-METHOD-5.1""]",SC Reviewer OR,"[""OR:FLOWER:OR-CANNABIS-COMPLIANCE:OR-METHOD-5.1""]"
SC-OR-S015,SC-OR-COA-015,1,OR,SC-OR-LIC-04,FLOWER,"[{""at"":""2026-08-06T08:00:00Z"",""event"":""COLLECTED""},{""at"":""2026-08-06T10:00:00Z"",""event"":""TRANSFERRED""},{""at"":""2026-08-06T12:00:00Z"",""event"":""RECEIVED""}]",OR-RULES-2026.09,2027-09-01T00:00:00Z,OR-CANNABIS-COMPLIANCE,OR-METHOD-5.1,0.5,1.0,"[""OR:FLOWER:OR-CANNABIS-COMPLIANCE:OR-METHOD-5.1""]",SC Reviewer OR,"[""OR:FLOWER:OR-CANNABIS-COMPLIANCE:OR-METHOD-5.1""]"
SC-OR-S016,SC-OR-COA-016,1,OR,SC-OR-LIC-01,FLOWER,"[{""at"":""2026-08-07T08:00:00Z"",""event"":""COLLECTED""},{""at"":""2026-08-07T10:00:00Z"",""event"":""TRANSFERRED""},{""at"":""2026-08-07T12:00:00Z"",""event"":""RECEIVED""}]",OR-RULES-2026.09,2027-09-01T00:00:00Z,OR-CANNABIS-COMPLIANCE,OR-METHOD-5.1,0.5,1.0,"[""OR:FLOWER:OR-CANNABIS-COMPLIANCE:OR-METHOD-5.1""]",SC Reviewer OR,"[""OR:FLOWER:OR-CANNABIS-COMPLIANCE:OR-METHOD-5.1""]"
SC-OR-S017,SC-OR-COA-017,1,OR,SC-OR-LIC-02,FLOWER,"[{""at"":""2026-08-08T08:00:00Z"",""event"":""COLLECTED""},{""at"":""2026-08-08T10:00:00Z"",""event"":""TRANSFERRED""},{""at"":""2026-08-08T12:00:00Z"",""event"":""RECEIVED""}]",OR-RULES-2026.09,2027-09-01T00:00:00Z,OR-CANNABIS-COMPLIANCE,OR-METHOD-5.1,0.5,1.0,"[""OR:FLOWER:OR-CANNABIS-COMPLIANCE:OR-METHOD-5.1""]",SC Reviewer OR,"[""OR:FLOWER:OR-CANNABIS-COMPLIANCE:OR-METHOD-5.1""]"
SC-OR-S018,SC-OR-COA-018,1,OR,SC-OR-LIC-03,FLOWER,"[{""at"":""2026-08-09T08:00:00Z"",""event"":""COLLECTED""},{""at"":""2026-08-09T10:00:00Z"",""event"":""TRANSFERRED""},{""at"":""2026-08-09T12:00:00Z"",""event"":""RECEIVED""}]",OR-RULES-2026.09,2027-09-01T00:00:00Z,OR-CANNABIS-COMPLIANCE,OR-METHOD-5.1,0.5,1.0,"[""OR:FLOWER:OR-CANNABIS-COMPLIANCE:OR-METHOD-5.1""]",SC Reviewer OR,"[""OR:FLOWER:OR-CANNABIS-COMPLIANCE:OR-METHOD-5.1""]"
SC-OR-S019,SC-OR-COA-019,1,OR,SC-OR-LIC-04,FLOWER,"[{""at"":""2026-08-10T08:00:00Z"",""event"":""COLLECTED""},{""at"":""2026-08-10T10:00:00Z"",""event"":""TRANSFERRED""},{""at"":""2026-08-10T12:00:00Z"",""event"":""RECEIVED""}]",OR-RULES-2026.09,2027-09-01T00:00:00Z,OR-CANNABIS-COMPLIANCE,OR-METHOD-5.1,0.5,1.0,"[""OR:FLOWER:OR-CANNABIS-COMPLIANCE:OR-METHOD-5.1""]",SC Reviewer OR,"[""OR:FLOWER:OR-CANNABIS-COMPLIANCE:OR-METHOD-5.1""]"
SC-OR-S020,SC-OR-COA-020,1,OR,SC-OR-LIC-01,FLOWER,"[{""at"":""2026-08-11T08:00:00Z"",""event"":""COLLECTED""},{""at"":""2026-08-11T10:00:00Z"",""event"":""TRANSFERRED""},{""at"":""2026-08-11T12:00:00Z"",""event"":""RECEIVED""}]",OR-RULES-2026.09,2027-09-01T00:00:00Z,OR-CANNABIS-COMPLIANCE,OR-METHOD-5.1,0.5,1.0,"[""OR:FLOWER:OR-CANNABIS-COMPLIANCE:OR-METHOD-5.1""]",SC Reviewer OR,"[""OR:FLOWER:OR-CANNABIS-COMPLIANCE:OR-METHOD-5.1""]"
SC-OR-S021,SC-OR-COA-021,1,OR,SC-OR-LIC-02,FLOWER,"[{""at"":""2026-08-12T08:00:00Z"",""event"":""COLLECTED""},{""at"":""2026-08-12T10:00:00Z"",""event"":""TRANSFERRED""},{""at"":""2026-08-12T12:00:00Z"",""event"":""RECEIVED""}]",OR-RULES-2026.09,2027-09-01T00:00:00Z,OR-CANNABIS-COMPLIANCE,OR-METHOD-5.1,0.5,1.0,"[""OR:FLOWER:OR-CANNABIS-COMPLIANCE:OR-METHOD-5.1""]",SC Reviewer OR,"[""OR:FLOWER:OR-CANNABIS-COMPLIANCE:OR-METHOD-5.1""]"
SC-OR-S022,SC-OR-COA-022,1,OR,SC-OR-LIC-03,FLOWER,"[{""at"":""2026-08-13T08:00:00Z"",""event"":""COLLECTED""},{""at"":""2026-08-13T10:00:00Z"",""event"":""TRANSFERRED""},{""at"":""2026-08-13T12:00:00Z"",""event"":""RECEIVED""}]",OR-RULES-2026.09,2027-09-01T00:00:00Z,OR-CANNABIS-COMPLIANCE,OR-METHOD-5.1,0.5,1.0,"[""OR:FLOWER:OR-CANNABIS-COMPLIANCE:OR-METHOD-5.1""]",SC Reviewer OR,"[""OR:FLOWER:OR-CANNABIS-COMPLIANCE:OR-METHOD-5.1""]"
SC-OR-S023,SC-OR-COA-023,1,OR,SC-OR-LIC-04,FLOWER,"[{""at"":""2026-08-14T08:00:00Z"",""event"":""COLLECTED""},{""at"":""2026-08-14T10:00:00Z"",""event"":""TRANSFERRED""},{""at"":""2026-08-14T12:00:00Z"",""event"":""RECEIVED""}]",OR-RULES-2026.09,2027-09-01T00:00:00Z,OR-CANNABIS-COMPLIANCE,OR-METHOD-5.1,0.5,1.0,"[""OR:FLOWER:OR-CANNABIS-COMPLIANCE:OR-METHOD-5.1""]",SC Reviewer OR,"[""OR:FLOWER:OR-CANNABIS-COMPLIANCE:OR-METHOD-5.1""]"
SC-OR-S024,SC-OR-COA-024,1,OR,SC-OR-LIC-01,FLOWER,"[{""at"":""2026-08-15T08:00:00Z"",""event"":""COLLECTED""},{""at"":""2026-08-15T10:00:00Z"",""event"":""TRANSFERRED""},{""at"":""2026-08-15T12:00:00Z"",""event"":""RECEIVED""}]",OR-RULES-2026.09,2027-09-01T00:00:00Z,OR-CANNABIS-COMPLIANCE,OR-METHOD-5.1,0.5,1.0,"[""OR:FLOWER:OR-CANNABIS-COMPLIANCE:OR-METHOD-5.1""]",SC Reviewer OR,"[""OR:FLOWER:OR-CANNABIS-COMPLIANCE:OR-METHOD-5.1""]"
SC-OR-S025,SC-OR-COA-025,1,OR,SC-OR-LIC-02,FLOWER,"[{""at"":""2026-08-16T08:00:00Z"",""event"":""COLLECTED""},{""at"":""2026-08-16T10:00:00Z"",""event"":""TRANSFERRED""},{""at"":""2026-08-16T12:00:00Z"",""event"":""RECEIVED""}]",OR-RULES-2025.01,2026-01-01T00:00:00Z,OR-CANNABIS-COMPLIANCE,OR-METHOD-5.1,0.5,1.0,"[""OR:FLOWER:OR-CANNABIS-COMPLIANCE:OR-METHOD-5.1""]",SC Reviewer OR,"[""OR:FLOWER:OR-CANNABIS-COMPLIANCE:OR-METHOD-5.1""]"
SC-OR-S026,SC-OR-COA-026,1,OR,SC-OR-LIC-03,FLOWER,"[{""at"":""2026-08-17T08:00:00Z"",""event"":""COLLECTED""},{""at"":""2026-08-17T10:00:00Z"",""event"":""TRANSFERRED""},{""at"":""2026-08-17T12:00:00Z"",""event"":""RECEIVED""}]",OR-RULES-2026.09,2027-09-01T00:00:00Z,OTHER-JURISDICTION-PANEL,OR-METHOD-5.1,0.5,1.0,"[""OR:FLOWER:OR-CANNABIS-COMPLIANCE:OR-METHOD-5.1""]",SC Reviewer OR,"[""OR:FLOWER:OR-CANNABIS-COMPLIANCE:OR-METHOD-5.1""]"
SC-OR-S027,SC-OR-COA-027,1,OR,SC-OR-LIC-04,FLOWER,"[{""at"":""2026-08-18T08:00:00Z"",""event"":""COLLECTED""},{""at"":""2026-08-18T10:00:00Z"",""event"":""TRANSFERRED""},{""at"":""2026-08-18T12:00:00Z"",""event"":""RECEIVED""}]",OR-RULES-2026.09,2027-09-01T00:00:00Z,OR-CANNABIS-COMPLIANCE,OR-METHOD-5.1,2.0,1.0,"[""OR:FLOWER:OR-CANNABIS-COMPLIANCE:OR-METHOD-5.1""]",SC Reviewer OR,"[""OR:FLOWER:OR-CANNABIS-COMPLIANCE:OR-METHOD-5.1""]"
SC-OR-S028,SC-OR-COA-028,1,OR,SC-OR-LIC-01,FLOWER,"[{""at"":""2026-08-19T08:00:00Z"",""event"":""COLLECTED""},{""at"":""2026-08-19T10:00:00Z"",""event"":""TRANSFERRED""}]",OR-RULES-2026.09,2027-09-01T00:00:00Z,OR-CANNABIS-COMPLIANCE,OR-METHOD-5.1,0.5,1.0,"[""OR:FLOWER:OR-CANNABIS-COMPLIANCE:OR-METHOD-5.1""]",SC Reviewer OR,"[""OR:FLOWER:OR-CANNABIS-COMPLIANCE:OR-METHOD-5.1""]"
SC-OR-S001,SC-OR-COA-001,1,OR,SC-OR-LIC-02,FLOWER,"[{""at"":""2026-08-20T08:00:00Z"",""event"":""COLLECTED""},{""at"":""2026-08-20T10:00:00Z"",""event"":""TRANSFERRED""},{""at"":""2026-08-20T12:00:00Z"",""event"":""RECEIVED""}]",OR-RULES-2026.09,2027-09-01T00:00:00Z,OR-CANNABIS-COMPLIANCE,OR-METHOD-5.1,0.5,1.0,"[""OR:FLOWER:OR-CANNABIS-COMPLIANCE:OR-METHOD-5.1""]",SC Reviewer OR,"[""OR:FLOWER:OR-CANNABIS-COMPLIANCE:OR-METHOD-5.1""]"
SC-OR-S030,SC-OR-COA-030,1,OR,SC-OR-LIC-03,FLOWER,"[{""at"":""2026-08-01T08:00:00Z"",""event"":""COLLECTED""},{""at"":""2026-08-01T10:00:00Z"",""event"":""TRANSFERRED""},{""at"":""2026-08-01T12:00:00Z"",""event"":""RECEIVED""}]",OR-RULES-2026.09,2027-09-01T00:00:00Z,OR-CANNABIS-COMPLIANCE,OR-METHOD-5.1,0.5,1.0,"[""OR:FLOWER:OR-CANNABIS-COMPLIANCE:OR-METHOD-5.1""]",SC Reviewer OR,"[""OUT-OF-SCOPE""]"
SC-AZ-S001,SC-AZ-COA-001,1,AZ,SC-AZ-LIC-02,FLOWER,"[{""at"":""2026-08-02T08:00:00Z"",""event"":""COLLECTED""},{""at"":""2026-08-02T10:00:00Z"",""event"":""TRANSFERRED""},{""at"":""2026-08-02T12:00:00Z"",""event"":""RECEIVED""}]",AZ-RULES-2026.09,2027-09-01T00:00:00Z,AZ-ADULT-USE-COMPLIANCE,AZ-METHOD-1.9,0.5,1.0,"[""AZ:FLOWER:AZ-ADULT-USE-COMPLIANCE:AZ-METHOD-1.9""]",SC Reviewer AZ,"[""AZ:FLOWER:AZ-ADULT-USE-COMPLIANCE:AZ-METHOD-1.9""]"
SC-AZ-S002,SC-AZ-COA-002,1,AZ,SC-AZ-LIC-03,FLOWER,"[{""at"":""2026-08-03T08:00:00Z"",""event"":""COLLECTED""},{""at"":""2026-08-03T10:00:00Z"",""event"":""TRANSFERRED""},{""at"":""2026-08-03T12:00:00Z"",""event"":""RECEIVED""}]",AZ-RULES-2026.09,2027-09-01T00:00:00Z,AZ-ADULT-USE-COMPLIANCE,AZ-METHOD-1.9,0.5,1.0,"[""AZ:FLOWER:AZ-ADULT-USE-COMPLIANCE:AZ-METHOD-1.9""]",SC Reviewer AZ,"[""AZ:FLOWER:AZ-ADULT-USE-COMPLIANCE:AZ-METHOD-1.9""]"
SC-AZ-S003,SC-AZ-COA-003,1,AZ,SC-AZ-LIC-04,FLOWER,"[{""at"":""2026-08-04T08:00:00Z"",""event"":""COLLECTED""},{""at"":""2026-08-04T10:00:00Z"",""event"":""TRANSFERRED""},{""at"":""2026-08-04T12:00:00Z"",""event"":""RECEIVED""}]",AZ-RULES-2026.09,2027-09-01T00:00:00Z,AZ-ADULT-USE-COMPLIANCE,AZ-METHOD-1.9,0.5,1.0,"[""AZ:FLOWER:AZ-ADULT-USE-COMPLIANCE:AZ-METHOD-1.9""]",SC Reviewer AZ,"[""AZ:FLOWER:AZ-ADULT-USE-COMPLIANCE:AZ-METHOD-1.9""]"
SC-AZ-S004,SC-AZ-COA-004,1,AZ,SC-AZ-LIC-01,FLOWER,"[{""at"":""2026-08-05T08:00:00Z"",""event"":""COLLECTED""},{""at"":""2026-08-05T10:00:00Z"",""event"":""TRANSFERRED""},{""at"":""2026-08-05T12:00:00Z"",""event"":""RECEIVED""}]",AZ-RULES-2026.09,2027-09-01T00:00:00Z,AZ-ADULT-USE-COMPLIANCE,AZ-METHOD-1.9,0.5,1.0,"[""AZ:FLOWER:AZ-ADULT-USE-COMPLIANCE:AZ-METHOD-1.9""]",SC Reviewer AZ,"[""AZ:FLOWER:AZ-ADULT-USE-COMPLIANCE:AZ-METHOD-1.9""]"
SC-AZ-S005,SC-AZ-COA-005,1,AZ,SC-AZ-LIC-02,FLOWER,"[{""at"":""2026-08-06T08:00:00Z"",""event"":""COLLECTED""},{""at"":""2026-08-06T10:00:00Z"",""event"":""TRANSFERRED""},{""at"":""2026-08-06T12:00:00Z"",""event"":""RECEIVED""}]",AZ-RULES-2026.09,2027-09-01T00:00:00Z,AZ-ADULT-USE-COMPLIANCE,AZ-METHOD-1.9,0.5,1.0,"[""AZ:FLOWER:AZ-ADULT-USE-COMPLIANCE:AZ-METHOD-1.9""]",SC Reviewer AZ,"[""AZ:FLOWER:AZ-ADULT-USE-COMPLIANCE:AZ-METHOD-1.9""]"
SC-AZ-S006,SC-AZ-COA-006,1,AZ,SC-AZ-LIC-03,FLOWER,"[{""at"":""2026-08-07T08:00:00Z"",""event"":""COLLECTED""},{""at"":""2026-08-07T10:00:00Z"",""event"":""TRANSFERRED""},{""at"":""2026-08-07T12:00:00Z"",""event"":""RECEIVED""}]",AZ-RULES-2026.09,2027-09-01T00:00:00Z,AZ-ADULT-USE-COMPLIANCE,AZ-METHOD-1.9,0.5,1.0,"[""AZ:FLOWER:AZ-ADULT-USE-COMPLIANCE:AZ-METHOD-1.9""]",SC Reviewer AZ,"[""AZ:FLOWER:AZ-ADULT-USE-COMPLIANCE:AZ-METHOD-1.9""]"
SC-AZ-S007,SC-AZ-COA-007,1,AZ,SC-AZ-LIC-04,FLOWER,"[{""at"":""2026-08-08T08:00:00Z"",""event"":""COLLECTED""},{""at"":""2026-08-08T10:00:00Z"",""event"":""TRANSFERRED""},{""at"":""2026-08-08T12:00:00Z"",""event"":""RECEIVED""}]",AZ-RULES-2026.09,2027-09-01T00:00:00Z,AZ-ADULT-USE-COMPLIANCE,AZ-METHOD-1.9,0.5,1.0,"[""AZ:FLOWER:AZ-ADULT-USE-COMPLIANCE:AZ-METHOD-1.9""]",SC Reviewer AZ,"[""AZ:FLOWER:AZ-ADULT-USE-COMPLIANCE:AZ-METHOD-1.9""]"
SC-AZ-S008,SC-AZ-COA-008,1,AZ,SC-AZ-LIC-01,FLOWER,"[{""at"":""2026-08-09T08:00:00Z"",""event"":""COLLECTED""},{""at"":""2026-08-09T10:00:00Z"",""event"":""TRANSFERRED""},{""at"":""2026-08-09T12:00:00Z"",""event"":""RECEIVED""}]",AZ-RULES-2026.09,2027-09-01T00:00:00Z,AZ-ADULT-USE-COMPLIANCE,AZ-METHOD-1.9,0.5,1.0,"[""AZ:FLOWER:AZ-ADULT-USE-COMPLIANCE:AZ-METHOD-1.9""]",SC Reviewer AZ,"[""AZ:FLOWER:AZ-ADULT-USE-COMPLIANCE:AZ-METHOD-1.9""]"
SC-AZ-S009,SC-AZ-COA-009,1,AZ,SC-AZ-LIC-02,FLOWER,"[{""at"":""2026-08-10T08:00:00Z"",""event"":""COLLECTED""},{""at"":""2026-08-10T10:00:00Z"",""event"":""TRANSFERRED""},{""at"":""2026-08-10T12:00:00Z"",""event"":""RECEIVED""}]",AZ-RULES-2026.09,2027-09-01T00:00:00Z,AZ-ADULT-USE-COMPLIANCE,AZ-METHOD-1.9,0.5,1.0,"[""AZ:FLOWER:AZ-ADULT-USE-COMPLIANCE:AZ-METHOD-1.9""]",SC Reviewer AZ,"[""AZ:FLOWER:AZ-ADULT-USE-COMPLIANCE:AZ-METHOD-1.9""]"
SC-AZ-S010,SC-AZ-COA-010,1,AZ,SC-AZ-LIC-03,FLOWER,"[{""at"":""2026-08-11T08:00:00Z"",""event"":""COLLECTED""},{""at"":""2026-08-11T10:00:00Z"",""event"":""TRANSFERRED""},{""at"":""2026-08-11T12:00:00Z"",""event"":""RECEIVED""}]",AZ-RULES-2026.09,2027-09-01T00:00:00Z,AZ-ADULT-USE-COMPLIANCE,AZ-METHOD-1.9,0.5,1.0,"[""AZ:FLOWER:AZ-ADULT-USE-COMPLIANCE:AZ-METHOD-1.9""]",SC Reviewer AZ,"[""AZ:FLOWER:AZ-ADULT-USE-COMPLIANCE:AZ-METHOD-1.9""]"
SC-AZ-S011,SC-AZ-COA-011,1,AZ,SC-AZ-LIC-04,FLOWER,"[{""at"":""2026-08-12T08:00:00Z"",""event"":""COLLECTED""},{""at"":""2026-08-12T10:00:00Z"",""event"":""TRANSFERRED""},{""at"":""2026-08-12T12:00:00Z"",""event"":""RECEIVED""}]",AZ-RULES-2026.09,2027-09-01T00:00:00Z,AZ-ADULT-USE-COMPLIANCE,AZ-METHOD-1.9,0.5,1.0,"[""AZ:FLOWER:AZ-ADULT-USE-COMPLIANCE:AZ-METHOD-1.9""]",SC Reviewer AZ,"[""AZ:FLOWER:AZ-ADULT-USE-COMPLIANCE:AZ-METHOD-1.9""]"
SC-AZ-S012,SC-AZ-COA-012,1,AZ,SC-AZ-LIC-01,FLOWER,"[{""at"":""2026-08-13T08:00:00Z"",""event"":""COLLECTED""},{""at"":""2026-08-13T10:00:00Z"",""event"":""TRANSFERRED""},{""at"":""2026-08-13T12:00:00Z"",""event"":""RECEIVED""}]",AZ-RULES-2026.09,2027-09-01T00:00:00Z,AZ-ADULT-USE-COMPLIANCE,AZ-METHOD-1.9,0.5,1.0,"[""AZ:FLOWER:AZ-ADULT-USE-COMPLIANCE:AZ-METHOD-1.9""]",SC Reviewer AZ,"[""AZ:FLOWER:AZ-ADULT-USE-COMPLIANCE:AZ-METHOD-1.9""]"
SC-AZ-S013,SC-AZ-COA-013,1,AZ,SC-AZ-LIC-02,FLOWER,"[{""at"":""2026-08-14T08:00:00Z"",""event"":""COLLECTED""},{""at"":""2026-08-14T10:00:00Z"",""event"":""TRANSFERRED""},{""at"":""2026-08-14T12:00:00Z"",""event"":""RECEIVED""}]",AZ-RULES-2026.09,2027-09-01T00:00:00Z,AZ-ADULT-USE-COMPLIANCE,AZ-METHOD-1.9,0.5,1.0,"[""AZ:FLOWER:AZ-ADULT-USE-COMPLIANCE:AZ-METHOD-1.9""]",SC Reviewer AZ,"[""AZ:FLOWER:AZ-ADULT-USE-COMPLIANCE:AZ-METHOD-1.9""]"
SC-AZ-S014,SC-AZ-COA-014,1,AZ,SC-AZ-LIC-03,FLOWER,"[{""at"":""2026-08-15T08:00:00Z"",""event"":""COLLECTED""},{""at"":""2026-08-15T10:00:00Z"",""event"":""TRANSFERRED""},{""at"":""2026-08-15T12:00:00Z"",""event"":""RECEIVED""}]",AZ-RULES-2026.09,2027-09-01T00:00:00Z,AZ-ADULT-USE-COMPLIANCE,AZ-METHOD-1.9,0.5,1.0,"[""AZ:FLOWER:AZ-ADULT-USE-COMPLIANCE:AZ-METHOD-1.9""]",SC Reviewer AZ,"[""AZ:FLOWER:AZ-ADULT-USE-COMPLIANCE:AZ-METHOD-1.9""]"
SC-AZ-S015,SC-AZ-COA-015,1,AZ,SC-AZ-LIC-04,FLOWER,"[{""at"":""2026-08-16T08:00:00Z"",""event"":""COLLECTED""},{""at"":""2026-08-16T10:00:00Z"",""event"":""TRANSFERRED""},{""at"":""2026-08-16T12:00:00Z"",""event"":""RECEIVED""}]",AZ-RULES-2026.09,2027-09-01T00:00:00Z,AZ-ADULT-USE-COMPLIANCE,AZ-METHOD-1.9,0.5,1.0,"[""AZ:FLOWER:AZ-ADULT-USE-COMPLIANCE:AZ-METHOD-1.9""]",SC Reviewer AZ,"[""AZ:FLOWER:AZ-ADULT-USE-COMPLIANCE:AZ-METHOD-1.9""]"
SC-AZ-S016,SC-AZ-COA-016,1,AZ,SC-AZ-LIC-01,FLOWER,"[{""at"":""2026-08-17T08:00:00Z"",""event"":""COLLECTED""},{""at"":""2026-08-17T10:00:00Z"",""event"":""TRANSFERRED""},{""at"":""2026-08-17T12:00:00Z"",""event"":""RECEIVED""}]",AZ-RULES-2026.09,2027-09-01T00:00:00Z,AZ-ADULT-USE-COMPLIANCE,AZ-METHOD-1.9,0.5,1.0,"[""AZ:FLOWER:AZ-ADULT-USE-COMPLIANCE:AZ-METHOD-1.9""]",SC Reviewer AZ,"[""AZ:FLOWER:AZ-ADULT-USE-COMPLIANCE:AZ-METHOD-1.9""]"
SC-AZ-S017,SC-AZ-COA-017,1,AZ,SC-AZ-LIC-02,FLOWER,"[{""at"":""2026-08-18T08:00:00Z"",""event"":""COLLECTED""},{""at"":""2026-08-18T10:00:00Z"",""event"":""TRANSFERRED""},{""at"":""2026-08-18T12:00:00Z"",""event"":""RECEIVED""}]",AZ-RULES-2026.09,2027-09-01T00:00:00Z,AZ-ADULT-USE-COMPLIANCE,AZ-METHOD-1.9,0.5,1.0,"[""AZ:FLOWER:AZ-ADULT-USE-COMPLIANCE:AZ-METHOD-1.9""]",SC Reviewer AZ,"[""AZ:FLOWER:AZ-ADULT-USE-COMPLIANCE:AZ-METHOD-1.9""]"
SC-AZ-S018,SC-AZ-COA-018,1,AZ,SC-AZ-LIC-03,FLOWER,"[{""at"":""2026-08-19T08:00:00Z"",""event"":""COLLECTED""},{""at"":""2026-08-19T10:00:00Z"",""event"":""TRANSFERRED""},{""at"":""2026-08-19T12:00:00Z"",""event"":""RECEIVED""}]",AZ-RULES-2026.09,2027-09-01T00:00:00Z,AZ-ADULT-USE-COMPLIANCE,AZ-METHOD-1.9,0.5,1.0,"[""AZ:FLOWER:AZ-ADULT-USE-COMPLIANCE:AZ-METHOD-1.9""]",SC Reviewer AZ,"[""AZ:FLOWER:AZ-ADULT-USE-COMPLIANCE:AZ-METHOD-1.9""]"
SC-AZ-S019,SC-AZ-COA-019,1,AZ,SC-AZ-LIC-04,FLOWER,"[{""at"":""2026-08-20T08:00:00Z"",""event"":""COLLECTED""},{""at"":""2026-08-20T10:00:00Z"",""event"":""TRANSFERRED""},{""at"":""2026-08-20T12:00:00Z"",""event"":""RECEIVED""}]",AZ-RULES-2026.09,2027-09-01T00:00:00Z,AZ-ADULT-USE-COMPLIANCE,AZ-METHOD-1.9,0.5,1.0,"[""AZ:FLOWER:AZ-ADULT-USE-COMPLIANCE:AZ-METHOD-1.9""]",SC Reviewer AZ,"[""AZ:FLOWER:AZ-ADULT-USE-COMPLIANCE:AZ-METHOD-1.9""]"
SC-AZ-S020,SC-AZ-COA-020,1,AZ,SC-AZ-LIC-01,FLOWER,"[{""at"":""2026-08-01T08:00:00Z"",""event"":""COLLECTED""},{""at"":""2026-08-01T10:00:00Z"",""event"":""TRANSFERRED""},{""at"":""2026-08-01T12:00:00Z"",""event"":""RECEIVED""}]",AZ-RULES-2026.09,2027-09-01T00:00:00Z,AZ-ADULT-USE-COMPLIANCE,AZ-METHOD-1.9,0.5,1.0,"[""AZ:FLOWER:AZ-ADULT-USE-COMPLIANCE:AZ-METHOD-1.9""]",SC Reviewer AZ,"[""AZ:FLOWER:AZ-ADULT-USE-COMPLIANCE:AZ-METHOD-1.9""]"
SC-AZ-S021,SC-AZ-COA-021,1,AZ,SC-AZ-LIC-02,FLOWER,"[{""at"":""2026-08-02T08:00:00Z"",""event"":""COLLECTED""},{""at"":""2026-08-02T10:00:00Z"",""event"":""TRANSFERRED""},{""at"":""2026-08-02T12:00:00Z"",""event"":""RECEIVED""}]",AZ-RULES-2026.09,2027-09-01T00:00:00Z,AZ-ADULT-USE-COMPLIANCE,AZ-METHOD-1.9,0.5,1.0,"[""AZ:FLOWER:AZ-ADULT-USE-COMPLIANCE:AZ-METHOD-1.9""]",SC Reviewer AZ,"[""AZ:FLOWER:AZ-ADULT-USE-COMPLIANCE:AZ-METHOD-1.9""]"
SC-AZ-S022,SC-AZ-COA-022,1,AZ,SC-AZ-LIC-03,FLOWER,"[{""at"":""2026-08-03T08:00:00Z"",""event"":""COLLECTED""},{""at"":""2026-08-03T10:00:00Z"",""event"":""TRANSFERRED""},{""at"":""2026-08-03T12:00:00Z"",""event"":""RECEIVED""}]",AZ-RULES-2026.09,2027-09-01T00:00:00Z,AZ-ADULT-USE-COMPLIANCE,AZ-METHOD-1.9,0.5,1.0,"[""AZ:FLOWER:AZ-ADULT-USE-COMPLIANCE:AZ-METHOD-1.9""]",SC Reviewer AZ,"[""AZ:FLOWER:AZ-ADULT-USE-COMPLIANCE:AZ-METHOD-1.9""]"
SC-AZ-S023,SC-AZ-COA-023,1,AZ,SC-AZ-LIC-04,FLOWER,"[{""at"":""2026-08-04T08:00:00Z"",""event"":""COLLECTED""},{""at"":""2026-08-04T10:00:00Z"",""event"":""TRANSFERRED""},{""at"":""2026-08-04T12:00:00Z"",""event"":""RECEIVED""}]",AZ-RULES-2026.09,2027-09-01T00:00:00Z,AZ-ADULT-USE-COMPLIANCE,AZ-METHOD-1.9,0.5,1.0,"[""AZ:FLOWER:AZ-ADULT-USE-COMPLIANCE:AZ-METHOD-1.9""]",SC Reviewer AZ,"[""AZ:FLOWER:AZ-ADULT-USE-COMPLIANCE:AZ-METHOD-1.9""]"
SC-AZ-S024,SC-AZ-COA-024,1,AZ,SC-AZ-LIC-01,FLOWER,"[{""at"":""2026-08-05T08:00:00Z"",""event"":""COLLECTED""},{""at"":""2026-08-05T10:00:00Z"",""event"":""TRANSFERRED""},{""at"":""2026-08-05T12:00:00Z"",""event"":""RECEIVED""}]",AZ-RULES-2026.09,2027-09-01T00:00:00Z,AZ-ADULT-USE-COMPLIANCE,AZ-METHOD-1.9,0.5,1.0,"[""AZ:FLOWER:AZ-ADULT-USE-COMPLIANCE:AZ-METHOD-1.9""]",SC Reviewer AZ,"[""AZ:FLOWER:AZ-ADULT-USE-COMPLIANCE:AZ-METHOD-1.9""]"
SC-AZ-S025,SC-AZ-COA-025,1,AZ,SC-AZ-LIC-02,FLOWER,"[{""at"":""2026-08-06T08:00:00Z"",""event"":""COLLECTED""},{""at"":""2026-08-06T10:00:00Z"",""event"":""TRANSFERRED""},{""at"":""2026-08-06T12:00:00Z"",""event"":""RECEIVED""}]",AZ-RULES-2025.01,2026-01-01T00:00:00Z,AZ-ADULT-USE-COMPLIANCE,AZ-METHOD-1.9,0.5,1.0,"[""AZ:FLOWER:AZ-ADULT-USE-COMPLIANCE:AZ-METHOD-1.9""]",SC Reviewer AZ,"[""AZ:FLOWER:AZ-ADULT-USE-COMPLIANCE:AZ-METHOD-1.9""]"
SC-AZ-S026,SC-AZ-COA-026,1,AZ,SC-AZ-LIC-03,FLOWER,"[{""at"":""2026-08-07T08:00:00Z"",""event"":""COLLECTED""},{""at"":""2026-08-07T10:00:00Z"",""event"":""TRANSFERRED""},{""at"":""2026-08-07T12:00:00Z"",""event"":""RECEIVED""}]",AZ-RULES-2026.09,2027-09-01T00:00:00Z,OTHER-JURISDICTION-PANEL,AZ-METHOD-1.9,0.5,1.0,"[""AZ:FLOWER:AZ-ADULT-USE-COMPLIANCE:AZ-METHOD-1.9""]",SC Reviewer AZ,"[""AZ:FLOWER:AZ-ADULT-USE-COMPLIANCE:AZ-METHOD-1.9""]"
SC-AZ-S027,SC-AZ-COA-027,1,AZ,SC-AZ-LIC-04,FLOWER,"[{""at"":""2026-08-08T08:00:00Z"",""event"":""COLLECTED""},{""at"":""2026-08-08T10:00:00Z"",""event"":""TRANSFERRED""},{""at"":""2026-08-08T12:00:00Z"",""event"":""RECEIVED""}]",AZ-RULES-2026.09,2027-09-01T00:00:00Z,AZ-ADULT-USE-COMPLIANCE,AZ-METHOD-1.9,2.0,1.0,"[""AZ:FLOWER:AZ-ADULT-USE-COMPLIANCE:AZ-METHOD-1.9""]",SC Reviewer AZ,"[""AZ:FLOWER:AZ-ADULT-USE-COMPLIANCE:AZ-METHOD-1.9""]"
SC-AZ-S028,SC-AZ-COA-028,1,AZ,SC-AZ-LIC-01,FLOWER,"[{""at"":""2026-08-09T08:00:00Z"",""event"":""COLLECTED""},{""at"":""2026-08-09T10:00:00Z"",""event"":""TRANSFERRED""}]",AZ-RULES-2026.09,2027-09-01T00:00:00Z,AZ-ADULT-USE-COMPLIANCE,AZ-METHOD-1.9,0.5,1.0,"[""AZ:FLOWER:AZ-ADULT-USE-COMPLIANCE:AZ-METHOD-1.9""]",SC Reviewer AZ,"[""AZ:FLOWER:AZ-ADULT-USE-COMPLIANCE:AZ-METHOD-1.9""]"
SC-AZ-S001,SC-AZ-COA-001,1,AZ,SC-AZ-LIC-02,FLOWER,"[{""at"":""2026-08-10T08:00:00Z"",""event"":""COLLECTED""},{""at"":""2026-08-10T10:00:00Z"",""event"":""TRANSFERRED""},{""at"":""2026-08-10T12:00:00Z"",""event"":""RECEIVED""}]",AZ-RULES-2026.09,2027-09-01T00:00:00Z,AZ-ADULT-USE-COMPLIANCE,AZ-METHOD-1.9,0.5,1.0,"[""AZ:FLOWER:AZ-ADULT-USE-COMPLIANCE:AZ-METHOD-1.9""]",SC Reviewer AZ,"[""AZ:FLOWER:AZ-ADULT-USE-COMPLIANCE:AZ-METHOD-1.9""]"
SC-AZ-S030,SC-AZ-COA-030,1,AZ,SC-AZ-LIC-03,FLOWER,"[{""at"":""2026-08-11T08:00:00Z"",""event"":""COLLECTED""},{""at"":""2026-08-11T10:00:00Z"",""event"":""TRANSFERRED""},{""at"":""2026-08-11T12:00:00Z"",""event"":""RECEIVED""}]",AZ-RULES-2026.09,2027-09-01T00:00:00Z,AZ-ADULT-USE-COMPLIANCE,AZ-METHOD-1.9,0.5,1.0,"[""AZ:FLOWER:AZ-ADULT-USE-COMPLIANCE:AZ-METHOD-1.9""]",SC Reviewer AZ,"[""OUT-OF-SCOPE""]"
