shard,kind,size_bytes,sha256
baseline--apex--2609098601,report,11931,b2e53ef4a397fd2fdf27ec67924981560349bbdf96de017d4fd189982cf1c99b
baseline--apex--2609098601,receipt,2131,126ddb96fe54b2d614c45c10dfd0597de879990b97e796a2aa07422c788bc5c0
baseline--apex--2609098602,report,11944,c40372a6f1a7a8e99e66b78daa87dbd1b8f5246d5b772c330ca6433477beb351
baseline--apex--2609098602,receipt,2131,18b218240de8cc8b7a5473aecee021e075e301886d1f67cdb93d8fdef93fbd67
baseline--apex--2609098603,report,11927,49cc92702a1238d44e9eee6cc7e7f3f0a7ab8bdcd42f08c259e19c6d158ead6a
baseline--apex--2609098603,receipt,2131,2e1a2ab82d55d1afb620b47285f52692eb53346c84ab5f27dce47a7218c7aa3f
baseline--apex--2609098604,report,11947,ced9a556c97156b0a24b2b1225108ce824a1485e896c32802e2ee9211ee37721
baseline--apex--2609098604,receipt,2131,846076df94c10f947d377bad4200c36811a3c131d4c261fd58ebf2158c9aff8d
baseline--arlene--2609098601,report,11950,58edf8fefa443dd414cd5cae4dfeacfd14ba0e78c7df583be8bd11fdfaaeba7f
baseline--arlene--2609098601,receipt,2137,27c0fbfa249b7c95db7c66810549e085fc2fe6f87dea1f0fca8cc9e864083d1e
baseline--arlene--2609098602,report,11941,a029ee1f06798e8edab03e0ea4b8cb862554acede64a037d12570f0cc032a117
baseline--arlene--2609098602,receipt,2137,5772fa40102aee032b2a35c0644859ead1614015f72a5435a76e7c86b7a1cb6d
baseline--arlene--2609098603,report,11929,442b63c205b0c28cca317936e5d36e939b8a6cca04c072f18b06166c412e861b
baseline--arlene--2609098603,receipt,2137,4a7a8200a273decd0413d96be1fc0725ed31a1fad2f774bb69cb873eb4e4255f
baseline--arlene--2609098604,report,11942,c9ce79ef1f6d3a5d02bafb5819ef64a7c91609227ea69cd67b5493401362acd2
baseline--arlene--2609098604,receipt,2137,f957cc1f12c619bcacbe6e69aeab7c907d07ebce7fa67664fe21c5eebd49b767
baseline--kaito--2609098601,report,11950,c64404cc55154c1ff21f8c0cd5225d5dbcb9fbb38ad9d3381039ae69e6ea0be6
baseline--kaito--2609098601,receipt,2134,59c8e1122f03bbabc5eba4228a0565ddf81e62332b812d8593db3e8f31ac11f3
baseline--kaito--2609098602,report,11945,9a239dd6c8e00c652863be6829a07e8d37cf9612a52820bc426cafc8a3b893ef
baseline--kaito--2609098602,receipt,2134,63ce1f499f7a3f2cf1fbe5eb25f898bed41a2e28832040e3f5d2731d3bf5ddcc
baseline--kaito--2609098603,report,11936,cc94343e0f351c08590cc31a2a49c792b5c9307b8720d75d088bde7af55506f7
baseline--kaito--2609098603,receipt,2134,106165bd04b8a01fd60cec3b5d253fed74ac36b4091c9885365201fa1e4e005a
baseline--kaito--2609098604,report,11935,bae0e4889c63c95fb1f29c199531d64fbb397dca42cf7bac8759263f7153faf6
baseline--kaito--2609098604,receipt,2134,6d6cfae037e2f811c033b7060934f2ff52cdfc0d8a649f150e72887e6e460da6
baseline--reyhan--2609098601,report,11928,eab465dbb8bf242eae516f65cc6e10bed9479e01a4887155bea1fd640c479b85
baseline--reyhan--2609098601,receipt,2137,8b695486d62f380eb73818252098312e0c0cdaab85ed9f82b581884cd1525ea3
baseline--reyhan--2609098602,report,11939,83d10dacd3b38b856f24a861441f0a270f5801c25f8b193d078e06fa2d8f0d12
baseline--reyhan--2609098602,receipt,2137,79e73f558e33a83bf37ced3c66a6b5adc37af28ee9d93214d6d0d3b192f65324
baseline--reyhan--2609098603,report,11933,69cd60b58e73d7b20c0711adf4c5038be98243bd4c137dbb1bf1488bfdb9926e
baseline--reyhan--2609098603,receipt,2137,9cc9756daa0f4000f061517929671b379882a61adb3556c555dfa50d06653404
baseline--reyhan--2609098604,report,11963,a342531ba612668c457acf4373ac8c747816bc9d3ddf3d7907100329c4df9e2f
baseline--reyhan--2609098604,receipt,2137,909fc9079535cc21bc764d34bb7230c3bf9f7ba78eaf19f054ffd4accbdc9a03
no_legacy_features--apex--2609098601,report,11914,4cef30e0ea47f99417d402ebd2f2df0dba48c2e0fc148acb98e7634e8a0470e9
no_legacy_features--apex--2609098601,receipt,2261,157f536de0cb03949d27cda628ea8a38e930618d8d0179ea8ee7a75b580db48b
no_legacy_features--apex--2609098602,report,11936,0d4fae0cab2c2cf61ee3f8f7fa3a237a95c83c581784b5ca58ec5191dc6d9b27
no_legacy_features--apex--2609098602,receipt,2261,ccfc2f784c7fa6bc911fe050889b03221b902193318c75a342dbb4cd1faaad41
no_legacy_features--apex--2609098603,report,11911,4519260db6a2cce1288e7d7b533563e1d8e3e1b29d274f864fec295b2eada4e5
no_legacy_features--apex--2609098603,receipt,2261,ec65c1db4ec72742e51c45911f5d67b7d16de91072609f82546df0e03a85a359
no_legacy_features--apex--2609098604,report,11929,7aa211b6f21f1aa7bd5f009401aeb739edffbc43bc1db29606effd5e996bd088
no_legacy_features--apex--2609098604,receipt,2261,7fca1d17e9a0c61146053faf468003d6428b2686d577d5f781bcc23fb4543427
no_legacy_features--arlene--2609098601,report,11930,f8e7e63ec786982e1ae336d6d91773adfc67069edbfcf65460238325039b8f88
no_legacy_features--arlene--2609098601,receipt,2267,6cadbc9b2cdf7a94bede7da019033ccdd2fcc780a1ba37290bb1cbe1c491aa7e
no_legacy_features--arlene--2609098602,report,11936,141aed52ac6cf5993d1650840fddd02f8e4ef5e41dae05f50fc215686794999d
no_legacy_features--arlene--2609098602,receipt,2267,83f590498d3cf77c3bfb261b27c02e1fa38f79a1143c4c6d1807fdea77138ecb
no_legacy_features--arlene--2609098603,report,11945,a741e17d9964eb97b4e56790d8ffebf470097768ca22e1924f344d740e8da499
no_legacy_features--arlene--2609098603,receipt,2267,fc6b351bf335007579d26791c9620985bdd4f4846538581bd1bed3eb65528544
no_legacy_features--arlene--2609098604,report,11971,d61ee5bf1a116ad178e25abd9e6b25dbdbc0d007c62a794757605be566c60de4
no_legacy_features--arlene--2609098604,receipt,2267,6a1e1dd8b0315ced2fc26558fb7afee3a16c2bb23fbf3943ed38fbc4cb14b090
no_legacy_features--kaito--2609098601,report,11948,f720587bc404aa100486660fa8fc2abf478c2297458b3fd954778bb31c7bff37
no_legacy_features--kaito--2609098601,receipt,2264,7f0e853bdb9d879487817a51461d40374c1d3afca7807c58aa7b9614b3e4a015
no_legacy_features--kaito--2609098602,report,11956,7fd586acc3ffbfbed727f6e51d92eadc32c3f617b327e3e21e963cdef85010c4
no_legacy_features--kaito--2609098602,receipt,2264,b1bb4d227c63dfc59ca8881750a3df90d7fc4b59d4a6faac3150028de976e4f3
no_legacy_features--kaito--2609098603,report,11952,7ecd921669b218b9e6009da52cc9e1069d9673a5bbdace40c3ecff79dc8b483c
no_legacy_features--kaito--2609098603,receipt,2264,3565024959ed62ed9f5c70d7ce0d0332159471c19cea91d670f20b05b6760ab5
no_legacy_features--kaito--2609098604,report,11951,55c9c3f6098b25224421753ae81ae2373d23aa600a519ebfaecb0d77c743e331
no_legacy_features--kaito--2609098604,receipt,2264,48a55eb339a61034cc057eab0f3867bc3c6c710402721269398a34a81ba29563
no_legacy_features--reyhan--2609098601,report,11917,b022b8cbd9f405bc3f2dddfea6e6982da4483e338649ab4a77b64e95117c1e2b
no_legacy_features--reyhan--2609098601,receipt,2267,cda456fa5d9ffcb5449a53f26c2deb858821f643d26cbcb514ec2a8f6ab75d3d
no_legacy_features--reyhan--2609098602,report,11937,d53071db55a8066c5bd7dfcc62ed8fd0701fcedb9b1d2aa3fbc4724b303c6827
no_legacy_features--reyhan--2609098602,receipt,2267,2c7c7537349af3c7aa60f5a0cde5566307f7f1e40387c657cc9cca77b2134308
no_legacy_features--reyhan--2609098603,report,11942,dd2dcc060acd2c8231fe243ab0c8b39bb9c26dd61bd384e9f1b6c5deed75d30b
no_legacy_features--reyhan--2609098603,receipt,2267,e83bdefac1201ddbb070eedbf98f1434e4d722b8b3a197be4822293a47d45962
no_legacy_features--reyhan--2609098604,report,11985,fcefb441f41ff31c4507eea67ec6825f2338901a70792a13885e5a306e23373f
no_legacy_features--reyhan--2609098604,receipt,2267,abaeb59a1067a178bac0698ce40aad12e458bf2fa144526ca3d24560ec68b5ae
no_market_pressure--apex--2609098601,report,11929,cf04932d671d4afe6e9aea65e25c17ec2c9f4f9e04da093b5021fc981fe282f8
no_market_pressure--apex--2609098601,receipt,2229,ff0c047c51b605ee847df8f9b10ad16e688d2d65a08b5356aa742acb1db54cd5
no_market_pressure--apex--2609098602,report,11923,9d86c6f657756475070efaa8072e7064637b6693486556fca828a77063dabecd
no_market_pressure--apex--2609098602,receipt,2229,c949335c4ad4bb96a86f5c52477021301f476e61a36363ab51cf0d2a31bca1a7
no_market_pressure--apex--2609098603,report,11932,15f860d9cb6cad55cb06d72e5498adaf118f19133f7f483b8ed23a46409af5a2
no_market_pressure--apex--2609098603,receipt,2229,d34d15dff0758fa799d9af0da43ecae1dfe7030a83c16b2b232e72542eee6c79
no_market_pressure--apex--2609098604,report,11983,232af3424fd0042a1abc12dc14b5cf3dbe20f1c2b9cf2bd0ffde7e5dfe94f5ea
no_market_pressure--apex--2609098604,receipt,2229,4ad003dbe7e7fb8234b255d85de7752aaec02a1070982c9662f4093cf2ddb07e
no_market_pressure--arlene--2609098601,report,11968,ca803b501697bd26f406381613fa6088cff2646adec0faa925f59705d6a9431a
no_market_pressure--arlene--2609098601,receipt,2235,85deb3477f4add99ec22ae96f207e2bd84a00fd10775a19d1ac7261c26936d26
no_market_pressure--arlene--2609098602,report,11954,2f0afa4d8865d4558c78dde2c2deeacd2aa37b3ee496ad1a0b62661ca1925972
no_market_pressure--arlene--2609098602,receipt,2235,2ad74947bbdfb93b0eb23922fec1ce4e75295d02898e03d045f0fb5eec71013b
no_market_pressure--arlene--2609098603,report,11943,2e5f65cea14a2da3a550ecc2ef1d6c3de057ef274a18358eca47ab826f650456
no_market_pressure--arlene--2609098603,receipt,2235,fc92e400b1e9eefe96d4508530053e1a537822587f7664aed3e9b05f9ef6ca3c
no_market_pressure--arlene--2609098604,report,11950,aeee7f82aca8ed0b2c24ad1f96529d2533add81ce8f732d066fe4bc1346198c8
no_market_pressure--arlene--2609098604,receipt,2235,a8c4870a0d84f2173f7b126f588c5be5bd55e6a09f099c0fe854ea6670f4412d
no_market_pressure--kaito--2609098601,report,11945,753c31ff0a97ba4a55e0f4e3dfd979c973da6ba177cb9d196e26d363a4431c4a
no_market_pressure--kaito--2609098601,receipt,2232,52ac28b740cb4b7d1f70a4d727340cf7e2c223426dcf52cc73b19fde7eb262a0
no_market_pressure--kaito--2609098602,report,11926,4d3ee627fe795c0cbaa9e07c6c6189570421165b4891b4432af552533fc5506d
no_market_pressure--kaito--2609098602,receipt,2232,28566bebd965a2ae91cda1d0178c61473ce6323e82ec1f1626b7764a946a311e
no_market_pressure--kaito--2609098603,report,11950,c15f96094b13b50b7a908e58d65985c3d33c0d16be8d75858a5fc9e32b0ecc27
no_market_pressure--kaito--2609098603,receipt,2232,93854fc727fc90a84d3b243143dce38c716f0e8643553db70aace8994894f154
no_market_pressure--kaito--2609098604,report,11931,4725f8134c52d34d684f072785b28fe62407365d58ec6f4e6ea828aa89c0529c
no_market_pressure--kaito--2609098604,receipt,2232,52e6bc787a99f93b0dd41bbbcec5f4f7976e314e75b4e5a4402be606fff16230
no_market_pressure--reyhan--2609098601,report,11930,4c4764b7b7d38ea3d712ce5bef650b46beede8d900ff0b6acaebbd6ba975bfad
no_market_pressure--reyhan--2609098601,receipt,2235,96bd28878eb1aa268d4241b846cc1fc296911a37c07fc4d2dcf1431f5b0e2cd9
no_market_pressure--reyhan--2609098602,report,11927,6cd21c2128b29152c7fdb2ef8ba073586dd8e062b091b37d4e61f9e91ab4cd59
no_market_pressure--reyhan--2609098602,receipt,2235,df9ba882d474b34bdf018d381e573686dfffcbd83cb8ed7c9396308b188dc0ca
no_market_pressure--reyhan--2609098603,report,11929,9cd7641532bd8f31ce602cc374f3990f0f232306ee5ada4870b9fa7f9feccaf7
no_market_pressure--reyhan--2609098603,receipt,2235,f94054dc21536488a5d744df34944af0523712bda18666c4291c1a5561c5cd5f
no_market_pressure--reyhan--2609098604,report,11977,bcd51f9604897e99d38e8eb82d4a6b78238fbd997a772b719e0824f195bd7375
no_market_pressure--reyhan--2609098604,receipt,2235,a67edb26219f85567253cfc45f0e29e8d56e8666ee2b46af78410c85cda0481f
no_redundant_hire--apex--2609098601,report,11922,fdb67c8aefb80bb9ea891bacb11ba24b141fa716b4964344b4b040f4b1435d7b
no_redundant_hire--apex--2609098601,receipt,2225,0fcda9584d7272f4123bc5e18d7fcc60a7d6e089c065ae57d4754059fb48d389
no_redundant_hire--apex--2609098602,report,11950,4ce66237720e03ad26da5389d07c49c991ebe32de265e960db189cdf15f2ed08
no_redundant_hire--apex--2609098602,receipt,2225,4ac9dd0b4af86df31fb2412df26d1cbbd3241595fc0c22774bb2fda77356b9ce
no_redundant_hire--apex--2609098603,report,11924,479ca4d591a8aaf33eaf8ec8595ac921ea3b61a5f8df7a4455a77936502f13cb
no_redundant_hire--apex--2609098603,receipt,2225,441cdf1e0ea2b778564f46c3098945139f7e590c4b61434371bab1009af315e5
no_redundant_hire--apex--2609098604,report,11956,6cf722cd3a0240c92eedfe4f5b0a88131399220d115ccf4fda3750ff534520f2
no_redundant_hire--apex--2609098604,receipt,2225,64ee0c7528428e5d9687a20713e85fd12df2c6167d1451ac19dbbee623a88a43
no_redundant_hire--arlene--2609098601,report,11934,6b20edc6affa5c1ea6b2d94a911564b5e716bb0d10e1815a4bd0825674005ec5
no_redundant_hire--arlene--2609098601,receipt,2231,95ef3c6eb341801e597d20deb99e89c7f965909a7ac4c8f0853c8a1b3db7d7de
no_redundant_hire--arlene--2609098602,report,11962,800898f5d1565d52bfb544feb6a60d4eaad90c4fac8dd7e7a9dfb3b9865d5037
no_redundant_hire--arlene--2609098602,receipt,2231,2702f2f62ff257997d601d262d76a1ac23ab248ecae3e8c3a2c2f25d80ba1574
no_redundant_hire--arlene--2609098603,report,11943,a485d12933fb93e2cd7d8091ae57197a7beac01fc77d4e78e1626d405a95c285
no_redundant_hire--arlene--2609098603,receipt,2231,028d0d60046f77bc3cf88835bea5035f631c6add75717cb799f4bd07e263c12a
no_redundant_hire--arlene--2609098604,report,11964,5e43d7f2a153584c2b190489572533508517694c6091bd27c92b006cda1925cc
no_redundant_hire--arlene--2609098604,receipt,2231,4627e86916acbd10cdb21b2ffe63fdb2bd031d3b7c59696f0f6f73d17e89f086
no_redundant_hire--kaito--2609098601,report,11955,566332919e94ee31706cfe7ab61b277896b893fc3db92b66d37f1426aa41a406
no_redundant_hire--kaito--2609098601,receipt,2228,13aad2b1242587aa5a551ddfe1653bd4a45c380a51bc3e27f11d7a961de4a188
no_redundant_hire--kaito--2609098602,report,11941,234f783f6d9c2a6efcb46de835693977b2aef61cda2a9b1ba0035507531b2651
no_redundant_hire--kaito--2609098602,receipt,2228,ece2b05a2a5604c9a741a3b0be4613673560f342a9c0611aeb2636705fb72087
no_redundant_hire--kaito--2609098603,report,11945,fd2d189bbec2c91c8a937b9b0ae2025ffe4e53feb2aee6c2adb32614a8c20f2e
no_redundant_hire--kaito--2609098603,receipt,2228,c91ede5a785d48008a616e43cfb669fc0b1618c1a756b3e82feec1c08b4dae19
no_redundant_hire--kaito--2609098604,report,11912,4e294af18b24b93e533781261bdbd87d405800d703788008f3f6c4c693a90dae
no_redundant_hire--kaito--2609098604,receipt,2228,3cdd1cf44cbd40e62efa9a00db205e09dbfbc044770636099f5563711c9e8a15
no_redundant_hire--reyhan--2609098601,report,11925,ed8f1654679363b4a4be12973977a0819228b6af5adb6a7916840c9004adb123
no_redundant_hire--reyhan--2609098601,receipt,2231,e80e6efe657cd8926a26246ab1d929c227193aa2df4730d50e4767eeb014b78d
no_redundant_hire--reyhan--2609098602,report,11943,2203f802a61449a99b15ca20ceb900e71cae24803bbc51f4beb50433cfd38a1f
no_redundant_hire--reyhan--2609098602,receipt,2231,887d598968e0b2fe6222febb01f97fca50aaa093a3aa97803dd6d6aec12a3d4a
no_redundant_hire--reyhan--2609098603,report,11957,9fab94cd9420b470b4be96eea8db2c2c8ac317d3b4a55ffba80303555ac2ae05
no_redundant_hire--reyhan--2609098603,receipt,2231,5b9efa86f0c5bcae91fed6517414a38e44b193e811bf535196a2606cdfb371b8
no_redundant_hire--reyhan--2609098604,report,11969,0cacf78571d64f792fc426735e382656569872187eee1d10c23ca31e6f16f7dd
no_redundant_hire--reyhan--2609098604,receipt,2231,bf85792754abef1d2f53096940c34a6dbdb2ffd5413dbb85178f9ad7e1c3ad79
