473600	R_t16_g4_l_c128_s0of4.mno
473600	R_t16_g4_l_c128_s0of8.mno
473600	R_t16_g4_l_c128_s1of4.mno
473600	R_t16_g4_l_c128_s1of8.mno
473600	R_t16_g4_l_c128_s2of4.mno
473600	R_t16_g4_l_c128_s2of8.mno
473600	R_t16_g4_l_c128_s3of4.mno
473600	R_t16_g4_l_c128_s3of8.mno
473600	R_t16_g4_l_c128_s4of8.mno
473600	R_t16_g4_l_c128_s5of8.mno
473600	R_t16_g4_l_c128_s6of8.mno
473600	R_t16_g4_l_c128_s7of8.mno
59200	R_t16_g4_l_c16_s0of1.mno
947200	R_t16_g4_l_c256_s0of2.mno
947200	R_t16_g4_l_c256_s0of4.mno
947200	R_t16_g4_l_c256_s0of8.mno
947200	R_t16_g4_l_c256_s1of2.mno
947200	R_t16_g4_l_c256_s1of4.mno
947200	R_t16_g4_l_c256_s1of8.mno
947200	R_t16_g4_l_c256_s2of4.mno
947200	R_t16_g4_l_c256_s2of8.mno
947200	R_t16_g4_l_c256_s3of4.mno
947200	R_t16_g4_l_c256_s3of8.mno
947200	R_t16_g4_l_c256_s4of8.mno
947200	R_t16_g4_l_c256_s5of8.mno
947200	R_t16_g4_l_c256_s6of8.mno
947200	R_t16_g4_l_c256_s7of8.mno
7400	R_t16_g4_l_c2_s0of1.mno
7400	R_t16_g4_l_c2_s0of2.mno
7400	R_t16_g4_l_c2_s0of4.mno
7400	R_t16_g4_l_c2_s0of8.mno
7400	R_t16_g4_l_c2_s1of2.mno
7400	R_t16_g4_l_c2_s1of4.mno
7400	R_t16_g4_l_c2_s1of8.mno
7400	R_t16_g4_l_c2_s2of4.mno
7400	R_t16_g4_l_c2_s2of8.mno
7400	R_t16_g4_l_c2_s3of4.mno
7400	R_t16_g4_l_c2_s3of8.mno
7400	R_t16_g4_l_c2_s4of8.mno
7400	R_t16_g4_l_c2_s5of8.mno
7400	R_t16_g4_l_c2_s6of8.mno
7400	R_t16_g4_l_c2_s7of8.mno
14800	R_t16_g4_l_c4_s0of1.mno
14800	R_t16_g4_l_c4_s0of2.mno
14800	R_t16_g4_l_c4_s0of4.mno
14800	R_t16_g4_l_c4_s1of2.mno
14800	R_t16_g4_l_c4_s1of4.mno
14800	R_t16_g4_l_c4_s2of4.mno
14800	R_t16_g4_l_c4_s3of4.mno
236800	R_t16_g4_l_c64_s0of8.mno
236800	R_t16_g4_l_c64_s1of8.mno
236800	R_t16_g4_l_c64_s2of8.mno
236800	R_t16_g4_l_c64_s3of8.mno
236800	R_t16_g4_l_c64_s4of8.mno
236800	R_t16_g4_l_c64_s5of8.mno
236800	R_t16_g4_l_c64_s6of8.mno
236800	R_t16_g4_l_c64_s7of8.mno
29600	R_t16_g4_l_c8_s0of1.mno
29600	R_t16_g4_l_c8_s0of2.mno
29600	R_t16_g4_l_c8_s1of2.mno
473600	R_t16_g4_t_c128_s0of4.mno
473600	R_t16_g4_t_c128_s0of8.mno
473600	R_t16_g4_t_c128_s1of4.mno
473600	R_t16_g4_t_c128_s1of8.mno
473600	R_t16_g4_t_c128_s2of4.mno
473600	R_t16_g4_t_c128_s2of8.mno
473600	R_t16_g4_t_c128_s3of4.mno
473600	R_t16_g4_t_c128_s3of8.mno
473600	R_t16_g4_t_c128_s4of8.mno
473600	R_t16_g4_t_c128_s5of8.mno
473600	R_t16_g4_t_c128_s6of8.mno
473600	R_t16_g4_t_c128_s7of8.mno
59200	R_t16_g4_t_c16_s0of1.mno
947200	R_t16_g4_t_c256_s0of2.mno
947200	R_t16_g4_t_c256_s0of4.mno
947200	R_t16_g4_t_c256_s0of8.mno
947200	R_t16_g4_t_c256_s1of2.mno
947200	R_t16_g4_t_c256_s1of4.mno
947200	R_t16_g4_t_c256_s1of8.mno
947200	R_t16_g4_t_c256_s2of4.mno
947200	R_t16_g4_t_c256_s2of8.mno
947200	R_t16_g4_t_c256_s3of4.mno
947200	R_t16_g4_t_c256_s3of8.mno
947200	R_t16_g4_t_c256_s4of8.mno
947200	R_t16_g4_t_c256_s5of8.mno
947200	R_t16_g4_t_c256_s6of8.mno
947200	R_t16_g4_t_c256_s7of8.mno
7400	R_t16_g4_t_c2_s0of1.mno
7400	R_t16_g4_t_c2_s0of2.mno
7400	R_t16_g4_t_c2_s0of4.mno
7400	R_t16_g4_t_c2_s0of8.mno
7400	R_t16_g4_t_c2_s1of2.mno
7400	R_t16_g4_t_c2_s1of4.mno
7400	R_t16_g4_t_c2_s1of8.mno
7400	R_t16_g4_t_c2_s2of4.mno
7400	R_t16_g4_t_c2_s2of8.mno
7400	R_t16_g4_t_c2_s3of4.mno
7400	R_t16_g4_t_c2_s3of8.mno
7400	R_t16_g4_t_c2_s4of8.mno
7400	R_t16_g4_t_c2_s5of8.mno
7400	R_t16_g4_t_c2_s6of8.mno
7400	R_t16_g4_t_c2_s7of8.mno
14800	R_t16_g4_t_c4_s0of1.mno
14800	R_t16_g4_t_c4_s0of2.mno
14800	R_t16_g4_t_c4_s0of4.mno
14800	R_t16_g4_t_c4_s1of2.mno
14800	R_t16_g4_t_c4_s1of4.mno
14800	R_t16_g4_t_c4_s2of4.mno
14800	R_t16_g4_t_c4_s3of4.mno
236800	R_t16_g4_t_c64_s0of8.mno
236800	R_t16_g4_t_c64_s1of8.mno
236800	R_t16_g4_t_c64_s2of8.mno
236800	R_t16_g4_t_c64_s3of8.mno
236800	R_t16_g4_t_c64_s4of8.mno
236800	R_t16_g4_t_c64_s5of8.mno
236800	R_t16_g4_t_c64_s6of8.mno
236800	R_t16_g4_t_c64_s7of8.mno
29600	R_t16_g4_t_c8_s0of1.mno
29600	R_t16_g4_t_c8_s0of2.mno
29600	R_t16_g4_t_c8_s1of2.mno
115200	R_t2_g4_l_c128_s0of4.mno
115200	R_t2_g4_l_c128_s0of8.mno
115200	R_t2_g4_l_c128_s1of4.mno
115200	R_t2_g4_l_c128_s1of8.mno
115200	R_t2_g4_l_c128_s2of4.mno
115200	R_t2_g4_l_c128_s2of8.mno
115200	R_t2_g4_l_c128_s3of4.mno
115200	R_t2_g4_l_c128_s3of8.mno
115200	R_t2_g4_l_c128_s4of8.mno
115200	R_t2_g4_l_c128_s5of8.mno
115200	R_t2_g4_l_c128_s6of8.mno
115200	R_t2_g4_l_c128_s7of8.mno
14400	R_t2_g4_l_c16_s0of1.mno
14400	R_t2_g4_l_c16_s0of2.mno
14400	R_t2_g4_l_c16_s0of4.mno
14400	R_t2_g4_l_c16_s1of2.mno
14400	R_t2_g4_l_c16_s1of4.mno
14400	R_t2_g4_l_c16_s2of4.mno
14400	R_t2_g4_l_c16_s3of4.mno
230400	R_t2_g4_l_c256_s0of2.mno
230400	R_t2_g4_l_c256_s0of4.mno
230400	R_t2_g4_l_c256_s0of8.mno
230400	R_t2_g4_l_c256_s1of2.mno
230400	R_t2_g4_l_c256_s1of4.mno
230400	R_t2_g4_l_c256_s1of8.mno
230400	R_t2_g4_l_c256_s2of4.mno
230400	R_t2_g4_l_c256_s2of8.mno
230400	R_t2_g4_l_c256_s3of4.mno
230400	R_t2_g4_l_c256_s3of8.mno
230400	R_t2_g4_l_c256_s4of8.mno
230400	R_t2_g4_l_c256_s5of8.mno
230400	R_t2_g4_l_c256_s6of8.mno
230400	R_t2_g4_l_c256_s7of8.mno
1800	R_t2_g4_l_c2_s0of1.mno
1800	R_t2_g4_l_c2_s0of2.mno
1800	R_t2_g4_l_c2_s0of4.mno
1800	R_t2_g4_l_c2_s0of8.mno
1800	R_t2_g4_l_c2_s1of2.mno
1800	R_t2_g4_l_c2_s1of4.mno
1800	R_t2_g4_l_c2_s1of8.mno
1800	R_t2_g4_l_c2_s2of4.mno
1800	R_t2_g4_l_c2_s2of8.mno
1800	R_t2_g4_l_c2_s3of4.mno
1800	R_t2_g4_l_c2_s3of8.mno
1800	R_t2_g4_l_c2_s4of8.mno
1800	R_t2_g4_l_c2_s5of8.mno
1800	R_t2_g4_l_c2_s6of8.mno
1800	R_t2_g4_l_c2_s7of8.mno
28800	R_t2_g4_l_c32_s0of1.mno
28800	R_t2_g4_l_c32_s0of2.mno
28800	R_t2_g4_l_c32_s1of2.mno
3600	R_t2_g4_l_c4_s0of1.mno
3600	R_t2_g4_l_c4_s0of2.mno
3600	R_t2_g4_l_c4_s0of4.mno
3600	R_t2_g4_l_c4_s0of8.mno
3600	R_t2_g4_l_c4_s1of2.mno
3600	R_t2_g4_l_c4_s1of4.mno
3600	R_t2_g4_l_c4_s1of8.mno
3600	R_t2_g4_l_c4_s2of4.mno
3600	R_t2_g4_l_c4_s2of8.mno
3600	R_t2_g4_l_c4_s3of4.mno
3600	R_t2_g4_l_c4_s3of8.mno
3600	R_t2_g4_l_c4_s4of8.mno
3600	R_t2_g4_l_c4_s5of8.mno
3600	R_t2_g4_l_c4_s6of8.mno
3600	R_t2_g4_l_c4_s7of8.mno
57600	R_t2_g4_l_c64_s0of1.mno
57600	R_t2_g4_l_c64_s0of8.mno
57600	R_t2_g4_l_c64_s1of8.mno
57600	R_t2_g4_l_c64_s2of8.mno
57600	R_t2_g4_l_c64_s3of8.mno
57600	R_t2_g4_l_c64_s4of8.mno
57600	R_t2_g4_l_c64_s5of8.mno
57600	R_t2_g4_l_c64_s6of8.mno
57600	R_t2_g4_l_c64_s7of8.mno
7200	R_t2_g4_l_c8_s0of1.mno
7200	R_t2_g4_l_c8_s0of2.mno
7200	R_t2_g4_l_c8_s0of4.mno
7200	R_t2_g4_l_c8_s0of8.mno
7200	R_t2_g4_l_c8_s1of2.mno
7200	R_t2_g4_l_c8_s1of4.mno
7200	R_t2_g4_l_c8_s1of8.mno
7200	R_t2_g4_l_c8_s2of4.mno
7200	R_t2_g4_l_c8_s2of8.mno
7200	R_t2_g4_l_c8_s3of4.mno
7200	R_t2_g4_l_c8_s3of8.mno
7200	R_t2_g4_l_c8_s4of8.mno
7200	R_t2_g4_l_c8_s5of8.mno
7200	R_t2_g4_l_c8_s6of8.mno
7200	R_t2_g4_l_c8_s7of8.mno
115200	R_t2_g4_t_c128_s0of8.mno
115200	R_t2_g4_t_c128_s1of8.mno
115200	R_t2_g4_t_c128_s2of8.mno
115200	R_t2_g4_t_c128_s3of8.mno
115200	R_t2_g4_t_c128_s4of8.mno
115200	R_t2_g4_t_c128_s5of8.mno
115200	R_t2_g4_t_c128_s6of8.mno
115200	R_t2_g4_t_c128_s7of8.mno
14400	R_t2_g4_t_c16_s0of1.mno
14400	R_t2_g4_t_c16_s0of2.mno
14400	R_t2_g4_t_c16_s0of4.mno
14400	R_t2_g4_t_c16_s1of2.mno
14400	R_t2_g4_t_c16_s1of4.mno
14400	R_t2_g4_t_c16_s2of4.mno
14400	R_t2_g4_t_c16_s3of4.mno
230400	R_t2_g4_t_c256_s0of4.mno
230400	R_t2_g4_t_c256_s0of8.mno
230400	R_t2_g4_t_c256_s1of4.mno
230400	R_t2_g4_t_c256_s1of8.mno
230400	R_t2_g4_t_c256_s2of4.mno
230400	R_t2_g4_t_c256_s2of8.mno
230400	R_t2_g4_t_c256_s3of4.mno
230400	R_t2_g4_t_c256_s3of8.mno
230400	R_t2_g4_t_c256_s4of8.mno
230400	R_t2_g4_t_c256_s5of8.mno
230400	R_t2_g4_t_c256_s6of8.mno
230400	R_t2_g4_t_c256_s7of8.mno
1800	R_t2_g4_t_c2_s0of1.mno
1800	R_t2_g4_t_c2_s0of2.mno
1800	R_t2_g4_t_c2_s0of4.mno
1800	R_t2_g4_t_c2_s0of8.mno
1800	R_t2_g4_t_c2_s1of2.mno
1800	R_t2_g4_t_c2_s1of4.mno
1800	R_t2_g4_t_c2_s1of8.mno
1800	R_t2_g4_t_c2_s2of4.mno
1800	R_t2_g4_t_c2_s2of8.mno
1800	R_t2_g4_t_c2_s3of4.mno
1800	R_t2_g4_t_c2_s3of8.mno
1800	R_t2_g4_t_c2_s4of8.mno
1800	R_t2_g4_t_c2_s5of8.mno
1800	R_t2_g4_t_c2_s6of8.mno
1800	R_t2_g4_t_c2_s7of8.mno
28800	R_t2_g4_t_c32_s0of1.mno
28800	R_t2_g4_t_c32_s0of2.mno
28800	R_t2_g4_t_c32_s1of2.mno
3600	R_t2_g4_t_c4_s0of1.mno
3600	R_t2_g4_t_c4_s0of2.mno
3600	R_t2_g4_t_c4_s0of4.mno
3600	R_t2_g4_t_c4_s0of8.mno
3600	R_t2_g4_t_c4_s1of2.mno
3600	R_t2_g4_t_c4_s1of4.mno
3600	R_t2_g4_t_c4_s1of8.mno
3600	R_t2_g4_t_c4_s2of4.mno
3600	R_t2_g4_t_c4_s2of8.mno
3600	R_t2_g4_t_c4_s3of4.mno
3600	R_t2_g4_t_c4_s3of8.mno
3600	R_t2_g4_t_c4_s4of8.mno
3600	R_t2_g4_t_c4_s5of8.mno
3600	R_t2_g4_t_c4_s6of8.mno
3600	R_t2_g4_t_c4_s7of8.mno
57600	R_t2_g4_t_c64_s0of1.mno
57600	R_t2_g4_t_c64_s0of8.mno
57600	R_t2_g4_t_c64_s1of8.mno
57600	R_t2_g4_t_c64_s2of8.mno
57600	R_t2_g4_t_c64_s3of8.mno
57600	R_t2_g4_t_c64_s4of8.mno
57600	R_t2_g4_t_c64_s5of8.mno
57600	R_t2_g4_t_c64_s6of8.mno
57600	R_t2_g4_t_c64_s7of8.mno
7200	R_t2_g4_t_c8_s0of1.mno
7200	R_t2_g4_t_c8_s0of2.mno
7200	R_t2_g4_t_c8_s0of4.mno
7200	R_t2_g4_t_c8_s0of8.mno
7200	R_t2_g4_t_c8_s1of2.mno
7200	R_t2_g4_t_c8_s1of4.mno
7200	R_t2_g4_t_c8_s1of8.mno
7200	R_t2_g4_t_c8_s2of4.mno
7200	R_t2_g4_t_c8_s2of8.mno
7200	R_t2_g4_t_c8_s3of4.mno
7200	R_t2_g4_t_c8_s3of8.mno
7200	R_t2_g4_t_c8_s4of8.mno
7200	R_t2_g4_t_c8_s5of8.mno
7200	R_t2_g4_t_c8_s6of8.mno
7200	R_t2_g4_t_c8_s7of8.mno
883200	R_t32_g4_l_c128_s0of4.mno
883200	R_t32_g4_l_c128_s0of8.mno
883200	R_t32_g4_l_c128_s1of4.mno
883200	R_t32_g4_l_c128_s1of8.mno
883200	R_t32_g4_l_c128_s2of4.mno
883200	R_t32_g4_l_c128_s2of8.mno
883200	R_t32_g4_l_c128_s3of4.mno
883200	R_t32_g4_l_c128_s3of8.mno
883200	R_t32_g4_l_c128_s4of8.mno
883200	R_t32_g4_l_c128_s5of8.mno
883200	R_t32_g4_l_c128_s6of8.mno
883200	R_t32_g4_l_c128_s7of8.mno
1766400	R_t32_g4_l_c256_s0of2.mno
1766400	R_t32_g4_l_c256_s0of4.mno
1766400	R_t32_g4_l_c256_s0of8.mno
1766400	R_t32_g4_l_c256_s1of2.mno
1766400	R_t32_g4_l_c256_s1of4.mno
1766400	R_t32_g4_l_c256_s1of8.mno
1766400	R_t32_g4_l_c256_s2of4.mno
1766400	R_t32_g4_l_c256_s2of8.mno
1766400	R_t32_g4_l_c256_s3of4.mno
1766400	R_t32_g4_l_c256_s3of8.mno
1766400	R_t32_g4_l_c256_s4of8.mno
1766400	R_t32_g4_l_c256_s5of8.mno
1766400	R_t32_g4_l_c256_s6of8.mno
1766400	R_t32_g4_l_c256_s7of8.mno
13800	R_t32_g4_l_c2_s0of1.mno
13800	R_t32_g4_l_c2_s0of2.mno
13800	R_t32_g4_l_c2_s0of4.mno
13800	R_t32_g4_l_c2_s1of2.mno
13800	R_t32_g4_l_c2_s1of4.mno
13800	R_t32_g4_l_c2_s2of4.mno
13800	R_t32_g4_l_c2_s3of4.mno
27600	R_t32_g4_l_c4_s0of1.mno
27600	R_t32_g4_l_c4_s0of2.mno
27600	R_t32_g4_l_c4_s1of2.mno
441600	R_t32_g4_l_c64_s0of8.mno
441600	R_t32_g4_l_c64_s1of8.mno
441600	R_t32_g4_l_c64_s2of8.mno
441600	R_t32_g4_l_c64_s3of8.mno
441600	R_t32_g4_l_c64_s4of8.mno
441600	R_t32_g4_l_c64_s5of8.mno
441600	R_t32_g4_l_c64_s6of8.mno
441600	R_t32_g4_l_c64_s7of8.mno
55200	R_t32_g4_l_c8_s0of1.mno
883200	R_t32_g4_t_c128_s0of4.mno
883200	R_t32_g4_t_c128_s0of8.mno
883200	R_t32_g4_t_c128_s1of4.mno
883200	R_t32_g4_t_c128_s1of8.mno
883200	R_t32_g4_t_c128_s2of4.mno
883200	R_t32_g4_t_c128_s2of8.mno
883200	R_t32_g4_t_c128_s3of4.mno
883200	R_t32_g4_t_c128_s3of8.mno
883200	R_t32_g4_t_c128_s4of8.mno
883200	R_t32_g4_t_c128_s5of8.mno
883200	R_t32_g4_t_c128_s6of8.mno
883200	R_t32_g4_t_c128_s7of8.mno
1766400	R_t32_g4_t_c256_s0of2.mno
1766400	R_t32_g4_t_c256_s0of4.mno
1766400	R_t32_g4_t_c256_s0of8.mno
1766400	R_t32_g4_t_c256_s1of2.mno
1766400	R_t32_g4_t_c256_s1of4.mno
1766400	R_t32_g4_t_c256_s1of8.mno
1766400	R_t32_g4_t_c256_s2of4.mno
1766400	R_t32_g4_t_c256_s2of8.mno
1766400	R_t32_g4_t_c256_s3of4.mno
1766400	R_t32_g4_t_c256_s3of8.mno
1766400	R_t32_g4_t_c256_s4of8.mno
1766400	R_t32_g4_t_c256_s5of8.mno
1766400	R_t32_g4_t_c256_s6of8.mno
1766400	R_t32_g4_t_c256_s7of8.mno
13800	R_t32_g4_t_c2_s0of1.mno
13800	R_t32_g4_t_c2_s0of2.mno
13800	R_t32_g4_t_c2_s0of4.mno
13800	R_t32_g4_t_c2_s1of2.mno
13800	R_t32_g4_t_c2_s1of4.mno
13800	R_t32_g4_t_c2_s2of4.mno
13800	R_t32_g4_t_c2_s3of4.mno
27600	R_t32_g4_t_c4_s0of1.mno
27600	R_t32_g4_t_c4_s0of2.mno
27600	R_t32_g4_t_c4_s1of2.mno
441600	R_t32_g4_t_c64_s0of8.mno
441600	R_t32_g4_t_c64_s1of8.mno
441600	R_t32_g4_t_c64_s2of8.mno
441600	R_t32_g4_t_c64_s3of8.mno
441600	R_t32_g4_t_c64_s4of8.mno
441600	R_t32_g4_t_c64_s5of8.mno
441600	R_t32_g4_t_c64_s6of8.mno
441600	R_t32_g4_t_c64_s7of8.mno
55200	R_t32_g4_t_c8_s0of1.mno
166400	R_t4_g4_l_c128_s0of4.mno
166400	R_t4_g4_l_c128_s0of8.mno
166400	R_t4_g4_l_c128_s1of4.mno
166400	R_t4_g4_l_c128_s1of8.mno
166400	R_t4_g4_l_c128_s2of4.mno
166400	R_t4_g4_l_c128_s2of8.mno
166400	R_t4_g4_l_c128_s3of4.mno
166400	R_t4_g4_l_c128_s3of8.mno
166400	R_t4_g4_l_c128_s4of8.mno
166400	R_t4_g4_l_c128_s5of8.mno
166400	R_t4_g4_l_c128_s6of8.mno
166400	R_t4_g4_l_c128_s7of8.mno
20800	R_t4_g4_l_c16_s0of1.mno
20800	R_t4_g4_l_c16_s0of2.mno
20800	R_t4_g4_l_c16_s0of4.mno
20800	R_t4_g4_l_c16_s1of2.mno
20800	R_t4_g4_l_c16_s1of4.mno
20800	R_t4_g4_l_c16_s2of4.mno
20800	R_t4_g4_l_c16_s3of4.mno
332800	R_t4_g4_l_c256_s0of2.mno
332800	R_t4_g4_l_c256_s0of4.mno
332800	R_t4_g4_l_c256_s0of8.mno
332800	R_t4_g4_l_c256_s1of2.mno
332800	R_t4_g4_l_c256_s1of4.mno
332800	R_t4_g4_l_c256_s1of8.mno
332800	R_t4_g4_l_c256_s2of4.mno
332800	R_t4_g4_l_c256_s2of8.mno
332800	R_t4_g4_l_c256_s3of4.mno
332800	R_t4_g4_l_c256_s3of8.mno
332800	R_t4_g4_l_c256_s4of8.mno
332800	R_t4_g4_l_c256_s5of8.mno
332800	R_t4_g4_l_c256_s6of8.mno
332800	R_t4_g4_l_c256_s7of8.mno
2600	R_t4_g4_l_c2_s0of1.mno
2600	R_t4_g4_l_c2_s0of2.mno
2600	R_t4_g4_l_c2_s0of4.mno
2600	R_t4_g4_l_c2_s0of8.mno
2600	R_t4_g4_l_c2_s1of2.mno
2600	R_t4_g4_l_c2_s1of4.mno
2600	R_t4_g4_l_c2_s1of8.mno
2600	R_t4_g4_l_c2_s2of4.mno
2600	R_t4_g4_l_c2_s2of8.mno
2600	R_t4_g4_l_c2_s3of4.mno
2600	R_t4_g4_l_c2_s3of8.mno
2600	R_t4_g4_l_c2_s4of8.mno
2600	R_t4_g4_l_c2_s5of8.mno
2600	R_t4_g4_l_c2_s6of8.mno
2600	R_t4_g4_l_c2_s7of8.mno
41600	R_t4_g4_l_c32_s0of1.mno
41600	R_t4_g4_l_c32_s0of2.mno
41600	R_t4_g4_l_c32_s1of2.mno
5200	R_t4_g4_l_c4_s0of1.mno
5200	R_t4_g4_l_c4_s0of2.mno
5200	R_t4_g4_l_c4_s0of4.mno
5200	R_t4_g4_l_c4_s0of8.mno
5200	R_t4_g4_l_c4_s1of2.mno
5200	R_t4_g4_l_c4_s1of4.mno
5200	R_t4_g4_l_c4_s1of8.mno
5200	R_t4_g4_l_c4_s2of4.mno
5200	R_t4_g4_l_c4_s2of8.mno
5200	R_t4_g4_l_c4_s3of4.mno
5200	R_t4_g4_l_c4_s3of8.mno
5200	R_t4_g4_l_c4_s4of8.mno
5200	R_t4_g4_l_c4_s5of8.mno
5200	R_t4_g4_l_c4_s6of8.mno
5200	R_t4_g4_l_c4_s7of8.mno
83200	R_t4_g4_l_c64_s0of1.mno
83200	R_t4_g4_l_c64_s0of8.mno
83200	R_t4_g4_l_c64_s1of8.mno
83200	R_t4_g4_l_c64_s2of8.mno
83200	R_t4_g4_l_c64_s3of8.mno
83200	R_t4_g4_l_c64_s4of8.mno
83200	R_t4_g4_l_c64_s5of8.mno
83200	R_t4_g4_l_c64_s6of8.mno
83200	R_t4_g4_l_c64_s7of8.mno
10400	R_t4_g4_l_c8_s0of1.mno
10400	R_t4_g4_l_c8_s0of2.mno
10400	R_t4_g4_l_c8_s0of4.mno
10400	R_t4_g4_l_c8_s0of8.mno
10400	R_t4_g4_l_c8_s1of2.mno
10400	R_t4_g4_l_c8_s1of4.mno
10400	R_t4_g4_l_c8_s1of8.mno
10400	R_t4_g4_l_c8_s2of4.mno
10400	R_t4_g4_l_c8_s2of8.mno
10400	R_t4_g4_l_c8_s3of4.mno
10400	R_t4_g4_l_c8_s3of8.mno
10400	R_t4_g4_l_c8_s4of8.mno
10400	R_t4_g4_l_c8_s5of8.mno
10400	R_t4_g4_l_c8_s6of8.mno
10400	R_t4_g4_l_c8_s7of8.mno
166400	R_t4_g4_t_c128_s0of4.mno
166400	R_t4_g4_t_c128_s0of8.mno
166400	R_t4_g4_t_c128_s1of4.mno
166400	R_t4_g4_t_c128_s1of8.mno
166400	R_t4_g4_t_c128_s2of4.mno
166400	R_t4_g4_t_c128_s2of8.mno
166400	R_t4_g4_t_c128_s3of4.mno
166400	R_t4_g4_t_c128_s3of8.mno
166400	R_t4_g4_t_c128_s4of8.mno
166400	R_t4_g4_t_c128_s5of8.mno
166400	R_t4_g4_t_c128_s6of8.mno
166400	R_t4_g4_t_c128_s7of8.mno
20800	R_t4_g4_t_c16_s0of1.mno
20800	R_t4_g4_t_c16_s0of2.mno
20800	R_t4_g4_t_c16_s0of4.mno
20800	R_t4_g4_t_c16_s1of2.mno
20800	R_t4_g4_t_c16_s1of4.mno
20800	R_t4_g4_t_c16_s2of4.mno
20800	R_t4_g4_t_c16_s3of4.mno
332800	R_t4_g4_t_c256_s0of2.mno
332800	R_t4_g4_t_c256_s0of4.mno
332800	R_t4_g4_t_c256_s0of8.mno
332800	R_t4_g4_t_c256_s1of2.mno
332800	R_t4_g4_t_c256_s1of4.mno
332800	R_t4_g4_t_c256_s1of8.mno
332800	R_t4_g4_t_c256_s2of4.mno
332800	R_t4_g4_t_c256_s2of8.mno
332800	R_t4_g4_t_c256_s3of4.mno
332800	R_t4_g4_t_c256_s3of8.mno
332800	R_t4_g4_t_c256_s4of8.mno
332800	R_t4_g4_t_c256_s5of8.mno
332800	R_t4_g4_t_c256_s6of8.mno
332800	R_t4_g4_t_c256_s7of8.mno
2600	R_t4_g4_t_c2_s0of1.mno
2600	R_t4_g4_t_c2_s0of2.mno
2600	R_t4_g4_t_c2_s0of4.mno
2600	R_t4_g4_t_c2_s0of8.mno
2600	R_t4_g4_t_c2_s1of2.mno
2600	R_t4_g4_t_c2_s1of4.mno
2600	R_t4_g4_t_c2_s1of8.mno
2600	R_t4_g4_t_c2_s2of4.mno
2600	R_t4_g4_t_c2_s2of8.mno
2600	R_t4_g4_t_c2_s3of4.mno
2600	R_t4_g4_t_c2_s3of8.mno
2600	R_t4_g4_t_c2_s4of8.mno
2600	R_t4_g4_t_c2_s5of8.mno
2600	R_t4_g4_t_c2_s6of8.mno
2600	R_t4_g4_t_c2_s7of8.mno
41600	R_t4_g4_t_c32_s0of1.mno
41600	R_t4_g4_t_c32_s0of2.mno
41600	R_t4_g4_t_c32_s1of2.mno
5200	R_t4_g4_t_c4_s0of1.mno
5200	R_t4_g4_t_c4_s0of2.mno
5200	R_t4_g4_t_c4_s0of4.mno
5200	R_t4_g4_t_c4_s0of8.mno
5200	R_t4_g4_t_c4_s1of2.mno
5200	R_t4_g4_t_c4_s1of4.mno
5200	R_t4_g4_t_c4_s1of8.mno
5200	R_t4_g4_t_c4_s2of4.mno
5200	R_t4_g4_t_c4_s2of8.mno
5200	R_t4_g4_t_c4_s3of4.mno
5200	R_t4_g4_t_c4_s3of8.mno
5200	R_t4_g4_t_c4_s4of8.mno
5200	R_t4_g4_t_c4_s5of8.mno
5200	R_t4_g4_t_c4_s6of8.mno
5200	R_t4_g4_t_c4_s7of8.mno
83200	R_t4_g4_t_c64_s0of1.mno
83200	R_t4_g4_t_c64_s0of8.mno
83200	R_t4_g4_t_c64_s1of8.mno
83200	R_t4_g4_t_c64_s2of8.mno
83200	R_t4_g4_t_c64_s3of8.mno
83200	R_t4_g4_t_c64_s4of8.mno
83200	R_t4_g4_t_c64_s5of8.mno
83200	R_t4_g4_t_c64_s6of8.mno
83200	R_t4_g4_t_c64_s7of8.mno
10400	R_t4_g4_t_c8_s0of1.mno
10400	R_t4_g4_t_c8_s0of2.mno
10400	R_t4_g4_t_c8_s0of4.mno
10400	R_t4_g4_t_c8_s0of8.mno
10400	R_t4_g4_t_c8_s1of2.mno
10400	R_t4_g4_t_c8_s1of4.mno
10400	R_t4_g4_t_c8_s1of8.mno
10400	R_t4_g4_t_c8_s2of4.mno
10400	R_t4_g4_t_c8_s2of8.mno
10400	R_t4_g4_t_c8_s3of4.mno
10400	R_t4_g4_t_c8_s3of8.mno
10400	R_t4_g4_t_c8_s4of8.mno
10400	R_t4_g4_t_c8_s5of8.mno
10400	R_t4_g4_t_c8_s6of8.mno
10400	R_t4_g4_t_c8_s7of8.mno
1702400	R_t64_g4_l_c128_s0of4.mno
1702400	R_t64_g4_l_c128_s0of8.mno
1702400	R_t64_g4_l_c128_s1of4.mno
1702400	R_t64_g4_l_c128_s1of8.mno
1702400	R_t64_g4_l_c128_s2of4.mno
1702400	R_t64_g4_l_c128_s2of8.mno
1702400	R_t64_g4_l_c128_s3of4.mno
1702400	R_t64_g4_l_c128_s3of8.mno
1702400	R_t64_g4_l_c128_s4of8.mno
1702400	R_t64_g4_l_c128_s5of8.mno
1702400	R_t64_g4_l_c128_s6of8.mno
1702400	R_t64_g4_l_c128_s7of8.mno
3404800	R_t64_g4_l_c256_s0of2.mno
3404800	R_t64_g4_l_c256_s0of4.mno
3404800	R_t64_g4_l_c256_s0of8.mno
3404800	R_t64_g4_l_c256_s1of2.mno
3404800	R_t64_g4_l_c256_s1of4.mno
3404800	R_t64_g4_l_c256_s1of8.mno
3404800	R_t64_g4_l_c256_s2of4.mno
3404800	R_t64_g4_l_c256_s2of8.mno
3404800	R_t64_g4_l_c256_s3of4.mno
3404800	R_t64_g4_l_c256_s3of8.mno
3404800	R_t64_g4_l_c256_s4of8.mno
3404800	R_t64_g4_l_c256_s5of8.mno
3404800	R_t64_g4_l_c256_s6of8.mno
3404800	R_t64_g4_l_c256_s7of8.mno
26600	R_t64_g4_l_c2_s0of1.mno
26600	R_t64_g4_l_c2_s0of2.mno
26600	R_t64_g4_l_c2_s0of4.mno
26600	R_t64_g4_l_c2_s1of2.mno
26600	R_t64_g4_l_c2_s1of4.mno
26600	R_t64_g4_l_c2_s2of4.mno
26600	R_t64_g4_l_c2_s3of4.mno
53200	R_t64_g4_l_c4_s0of1.mno
53200	R_t64_g4_l_c4_s0of2.mno
53200	R_t64_g4_l_c4_s1of2.mno
851200	R_t64_g4_l_c64_s0of8.mno
851200	R_t64_g4_l_c64_s1of8.mno
851200	R_t64_g4_l_c64_s2of8.mno
851200	R_t64_g4_l_c64_s3of8.mno
851200	R_t64_g4_l_c64_s4of8.mno
851200	R_t64_g4_l_c64_s5of8.mno
851200	R_t64_g4_l_c64_s6of8.mno
851200	R_t64_g4_l_c64_s7of8.mno
106400	R_t64_g4_l_c8_s0of1.mno
1702400	R_t64_g4_t_c128_s0of4.mno
1702400	R_t64_g4_t_c128_s0of8.mno
1702400	R_t64_g4_t_c128_s1of4.mno
1702400	R_t64_g4_t_c128_s1of8.mno
1702400	R_t64_g4_t_c128_s2of4.mno
1702400	R_t64_g4_t_c128_s2of8.mno
1702400	R_t64_g4_t_c128_s3of4.mno
1702400	R_t64_g4_t_c128_s3of8.mno
1702400	R_t64_g4_t_c128_s4of8.mno
1702400	R_t64_g4_t_c128_s5of8.mno
1702400	R_t64_g4_t_c128_s6of8.mno
1702400	R_t64_g4_t_c128_s7of8.mno
3404800	R_t64_g4_t_c256_s0of2.mno
3404800	R_t64_g4_t_c256_s0of4.mno
3404800	R_t64_g4_t_c256_s0of8.mno
3404800	R_t64_g4_t_c256_s1of2.mno
3404800	R_t64_g4_t_c256_s1of4.mno
3404800	R_t64_g4_t_c256_s1of8.mno
3404800	R_t64_g4_t_c256_s2of4.mno
3404800	R_t64_g4_t_c256_s2of8.mno
3404800	R_t64_g4_t_c256_s3of4.mno
3404800	R_t64_g4_t_c256_s3of8.mno
3404800	R_t64_g4_t_c256_s4of8.mno
3404800	R_t64_g4_t_c256_s5of8.mno
3404800	R_t64_g4_t_c256_s6of8.mno
3404800	R_t64_g4_t_c256_s7of8.mno
26600	R_t64_g4_t_c2_s0of1.mno
26600	R_t64_g4_t_c2_s0of2.mno
26600	R_t64_g4_t_c2_s0of4.mno
26600	R_t64_g4_t_c2_s1of2.mno
26600	R_t64_g4_t_c2_s1of4.mno
26600	R_t64_g4_t_c2_s2of4.mno
26600	R_t64_g4_t_c2_s3of4.mno
53200	R_t64_g4_t_c4_s0of1.mno
53200	R_t64_g4_t_c4_s0of2.mno
53200	R_t64_g4_t_c4_s1of2.mno
851200	R_t64_g4_t_c64_s0of8.mno
851200	R_t64_g4_t_c64_s1of8.mno
851200	R_t64_g4_t_c64_s2of8.mno
851200	R_t64_g4_t_c64_s3of8.mno
851200	R_t64_g4_t_c64_s4of8.mno
851200	R_t64_g4_t_c64_s5of8.mno
851200	R_t64_g4_t_c64_s6of8.mno
851200	R_t64_g4_t_c64_s7of8.mno
268800	R_t8_g4_l_c128_s0of4.mno
268800	R_t8_g4_l_c128_s0of8.mno
268800	R_t8_g4_l_c128_s1of4.mno
268800	R_t8_g4_l_c128_s1of8.mno
268800	R_t8_g4_l_c128_s2of4.mno
268800	R_t8_g4_l_c128_s2of8.mno
268800	R_t8_g4_l_c128_s3of4.mno
268800	R_t8_g4_l_c128_s3of8.mno
268800	R_t8_g4_l_c128_s4of8.mno
268800	R_t8_g4_l_c128_s5of8.mno
268800	R_t8_g4_l_c128_s6of8.mno
268800	R_t8_g4_l_c128_s7of8.mno
33600	R_t8_g4_l_c16_s0of1.mno
33600	R_t8_g4_l_c16_s0of2.mno
33600	R_t8_g4_l_c16_s1of2.mno
537600	R_t8_g4_l_c256_s0of2.mno
537600	R_t8_g4_l_c256_s0of4.mno
537600	R_t8_g4_l_c256_s0of8.mno
537600	R_t8_g4_l_c256_s1of2.mno
537600	R_t8_g4_l_c256_s1of4.mno
537600	R_t8_g4_l_c256_s1of8.mno
537600	R_t8_g4_l_c256_s2of4.mno
537600	R_t8_g4_l_c256_s2of8.mno
537600	R_t8_g4_l_c256_s3of4.mno
537600	R_t8_g4_l_c256_s3of8.mno
537600	R_t8_g4_l_c256_s4of8.mno
537600	R_t8_g4_l_c256_s5of8.mno
537600	R_t8_g4_l_c256_s6of8.mno
537600	R_t8_g4_l_c256_s7of8.mno
4200	R_t8_g4_l_c2_s0of1.mno
4200	R_t8_g4_l_c2_s0of2.mno
4200	R_t8_g4_l_c2_s0of4.mno
4200	R_t8_g4_l_c2_s0of8.mno
4200	R_t8_g4_l_c2_s1of2.mno
4200	R_t8_g4_l_c2_s1of4.mno
4200	R_t8_g4_l_c2_s1of8.mno
4200	R_t8_g4_l_c2_s2of4.mno
4200	R_t8_g4_l_c2_s2of8.mno
4200	R_t8_g4_l_c2_s3of4.mno
4200	R_t8_g4_l_c2_s3of8.mno
4200	R_t8_g4_l_c2_s4of8.mno
4200	R_t8_g4_l_c2_s5of8.mno
4200	R_t8_g4_l_c2_s6of8.mno
4200	R_t8_g4_l_c2_s7of8.mno
67200	R_t8_g4_l_c32_s0of1.mno
8400	R_t8_g4_l_c4_s0of1.mno
8400	R_t8_g4_l_c4_s0of2.mno
8400	R_t8_g4_l_c4_s0of4.mno
8400	R_t8_g4_l_c4_s0of8.mno
8400	R_t8_g4_l_c4_s1of2.mno
8400	R_t8_g4_l_c4_s1of4.mno
8400	R_t8_g4_l_c4_s1of8.mno
8400	R_t8_g4_l_c4_s2of4.mno
8400	R_t8_g4_l_c4_s2of8.mno
8400	R_t8_g4_l_c4_s3of4.mno
8400	R_t8_g4_l_c4_s3of8.mno
8400	R_t8_g4_l_c4_s4of8.mno
8400	R_t8_g4_l_c4_s5of8.mno
8400	R_t8_g4_l_c4_s6of8.mno
8400	R_t8_g4_l_c4_s7of8.mno
134400	R_t8_g4_l_c64_s0of8.mno
134400	R_t8_g4_l_c64_s1of8.mno
134400	R_t8_g4_l_c64_s2of8.mno
134400	R_t8_g4_l_c64_s3of8.mno
134400	R_t8_g4_l_c64_s4of8.mno
134400	R_t8_g4_l_c64_s5of8.mno
134400	R_t8_g4_l_c64_s6of8.mno
134400	R_t8_g4_l_c64_s7of8.mno
16800	R_t8_g4_l_c8_s0of1.mno
16800	R_t8_g4_l_c8_s0of2.mno
16800	R_t8_g4_l_c8_s0of4.mno
16800	R_t8_g4_l_c8_s1of2.mno
16800	R_t8_g4_l_c8_s1of4.mno
16800	R_t8_g4_l_c8_s2of4.mno
16800	R_t8_g4_l_c8_s3of4.mno
268800	R_t8_g4_t_c128_s0of4.mno
268800	R_t8_g4_t_c128_s0of8.mno
268800	R_t8_g4_t_c128_s1of4.mno
268800	R_t8_g4_t_c128_s1of8.mno
268800	R_t8_g4_t_c128_s2of4.mno
268800	R_t8_g4_t_c128_s2of8.mno
268800	R_t8_g4_t_c128_s3of4.mno
268800	R_t8_g4_t_c128_s3of8.mno
268800	R_t8_g4_t_c128_s4of8.mno
268800	R_t8_g4_t_c128_s5of8.mno
268800	R_t8_g4_t_c128_s6of8.mno
268800	R_t8_g4_t_c128_s7of8.mno
33600	R_t8_g4_t_c16_s0of1.mno
33600	R_t8_g4_t_c16_s0of2.mno
33600	R_t8_g4_t_c16_s1of2.mno
537600	R_t8_g4_t_c256_s0of2.mno
537600	R_t8_g4_t_c256_s0of4.mno
537600	R_t8_g4_t_c256_s0of8.mno
537600	R_t8_g4_t_c256_s1of2.mno
537600	R_t8_g4_t_c256_s1of4.mno
537600	R_t8_g4_t_c256_s1of8.mno
537600	R_t8_g4_t_c256_s2of4.mno
537600	R_t8_g4_t_c256_s2of8.mno
537600	R_t8_g4_t_c256_s3of4.mno
537600	R_t8_g4_t_c256_s3of8.mno
537600	R_t8_g4_t_c256_s4of8.mno
537600	R_t8_g4_t_c256_s5of8.mno
537600	R_t8_g4_t_c256_s6of8.mno
537600	R_t8_g4_t_c256_s7of8.mno
4200	R_t8_g4_t_c2_s0of1.mno
4200	R_t8_g4_t_c2_s0of2.mno
4200	R_t8_g4_t_c2_s0of4.mno
4200	R_t8_g4_t_c2_s0of8.mno
4200	R_t8_g4_t_c2_s1of2.mno
4200	R_t8_g4_t_c2_s1of4.mno
4200	R_t8_g4_t_c2_s1of8.mno
4200	R_t8_g4_t_c2_s2of4.mno
4200	R_t8_g4_t_c2_s2of8.mno
4200	R_t8_g4_t_c2_s3of4.mno
4200	R_t8_g4_t_c2_s3of8.mno
4200	R_t8_g4_t_c2_s4of8.mno
4200	R_t8_g4_t_c2_s5of8.mno
4200	R_t8_g4_t_c2_s6of8.mno
4200	R_t8_g4_t_c2_s7of8.mno
67200	R_t8_g4_t_c32_s0of1.mno
8400	R_t8_g4_t_c4_s0of1.mno
8400	R_t8_g4_t_c4_s0of2.mno
8400	R_t8_g4_t_c4_s0of4.mno
8400	R_t8_g4_t_c4_s0of8.mno
8400	R_t8_g4_t_c4_s1of2.mno
8400	R_t8_g4_t_c4_s1of4.mno
8400	R_t8_g4_t_c4_s1of8.mno
8400	R_t8_g4_t_c4_s2of4.mno
8400	R_t8_g4_t_c4_s2of8.mno
8400	R_t8_g4_t_c4_s3of4.mno
8400	R_t8_g4_t_c4_s3of8.mno
8400	R_t8_g4_t_c4_s4of8.mno
8400	R_t8_g4_t_c4_s5of8.mno
8400	R_t8_g4_t_c4_s6of8.mno
8400	R_t8_g4_t_c4_s7of8.mno
134400	R_t8_g4_t_c64_s0of8.mno
134400	R_t8_g4_t_c64_s1of8.mno
134400	R_t8_g4_t_c64_s2of8.mno
134400	R_t8_g4_t_c64_s3of8.mno
134400	R_t8_g4_t_c64_s4of8.mno
134400	R_t8_g4_t_c64_s5of8.mno
134400	R_t8_g4_t_c64_s6of8.mno
134400	R_t8_g4_t_c64_s7of8.mno
16800	R_t8_g4_t_c8_s0of1.mno
16800	R_t8_g4_t_c8_s0of2.mno
16800	R_t8_g4_t_c8_s0of4.mno
16800	R_t8_g4_t_c8_s1of2.mno
16800	R_t8_g4_t_c8_s1of4.mno
16800	R_t8_g4_t_c8_s2of4.mno
16800	R_t8_g4_t_c8_s3of4.mno
