record_id,sample_id,coa_id,jurisdiction,status,reason_code,source_sha256,normalized_sha256,result_sha256,autonomous_release
SC-001,SC-SAMPLE-001,SC-COA-001,CA,RELEASEABLE,,253014c0eae782c7488ae24edbd198544b4d67b5ff8efe697531134e8ab79e2c,253014c0eae782c7488ae24edbd198544b4d67b5ff8efe697531134e8ab79e2c,771a6141a27c9f58404d275611b32d4eb03ccd4b0145f29467069cce464aa155,False
SC-002,SC-SAMPLE-002,SC-COA-002,CO,RELEASEABLE,,7732bfbcd1af945e07ce78cf1359cbc750bf1064a0d9f82c87339ae4bb9ac19e,7732bfbcd1af945e07ce78cf1359cbc750bf1064a0d9f82c87339ae4bb9ac19e,e2a60c4651fc24b23cab4bd5091479cb3a1d5c91d6f1968a1b3c75bc66f58ffd,False
SC-003,SC-SAMPLE-003,SC-COA-003,MI,RELEASEABLE,,442cd9a2947a2b2e81fe231b65b25c592a8f26a19a0e6191e088b20327e12761,442cd9a2947a2b2e81fe231b65b25c592a8f26a19a0e6191e088b20327e12761,e98706bc334858af95a53dfc00136432416cb35ab4b211dfe5c424ae641986ce,False
SC-004,SC-SAMPLE-004,SC-COA-004,MD,RELEASEABLE,,15a07c4af8b1e6a643f2edb396c548967cbf0e4b3185236644059a435a7a09a6,15a07c4af8b1e6a643f2edb396c548967cbf0e4b3185236644059a435a7a09a6,f115338bc65580e337d53b0d8d324da253cdf45dfbdc1ebb5c0b73eab8d0ca23,False
SC-005,SC-SAMPLE-005,SC-COA-005,OR,RELEASEABLE,,0101ee905513927e84128c61f68e8e994d0a641de1d3fb9fc4d3666dda8e5309,0101ee905513927e84128c61f68e8e994d0a641de1d3fb9fc4d3666dda8e5309,51d7df0784268d07c3dd7636a04296598277724c3a06ed61f50b688324a75802,False
SC-006,SC-SAMPLE-006,SC-COA-006,CA,RELEASEABLE,,1731b0b6b6d5de89aaa1f50ccc8ad032d55794fc35b8a06681db8b7e7ec4482f,1731b0b6b6d5de89aaa1f50ccc8ad032d55794fc35b8a06681db8b7e7ec4482f,9c3c4ebe421753a2b5eb2bd67df62e866b932aa2414a5831853d6d98d8b92ede,False
SC-007,SC-SAMPLE-007,SC-COA-007,CO,RELEASEABLE,,07b9c3c2ecc54ddd8ee1d02fcdd34c1000757ddcc291caa86c7a8faa1d069e40,07b9c3c2ecc54ddd8ee1d02fcdd34c1000757ddcc291caa86c7a8faa1d069e40,68b8f01ee2003e8b85b1d78ad93dab9bbb961374214fb38bd8407c8b8772b571,False
SC-008,SC-SAMPLE-008,SC-COA-008,MI,RELEASEABLE,,495c4724d241115fd737930d500bbc9f3309ec73c507982bf7fff85e00843e99,495c4724d241115fd737930d500bbc9f3309ec73c507982bf7fff85e00843e99,4aa3e40cd16c90a1c181b257ccdf5838545ab3052b07404bc9fba0a0d0e6f38e,False
SC-009,SC-SAMPLE-009,SC-COA-009,MD,RELEASEABLE,,18879e23cb90cb440b0ecdf4ff3b2a6772c2b7ddec216cf5eed7ce1a0fd84c5d,18879e23cb90cb440b0ecdf4ff3b2a6772c2b7ddec216cf5eed7ce1a0fd84c5d,e0f38af5dc6bcb01b37c182afec2eab57476c80d339b984004176950d2785d36,False
SC-010,SC-SAMPLE-010,SC-COA-010,OR,RELEASEABLE,,ebdbaab58d95655cb1c0042f5b7b277ea182321592cd76f1c784f6df78055d47,ebdbaab58d95655cb1c0042f5b7b277ea182321592cd76f1c784f6df78055d47,6ecdbeddbabf41e7e824fffc883f3b78b006548a6d660501fbf5505e51dedf9e,False
SC-011,SC-SAMPLE-011,SC-COA-011,CA,RELEASEABLE,,9c828af9a7271a68d11c40824549c475f681225898c0c10469eb58cc9d133821,9c828af9a7271a68d11c40824549c475f681225898c0c10469eb58cc9d133821,b7b226f32298666b5045ed08fad5633bd3f0ed631943eeaac23aac59d4865d74,False
SC-012,SC-SAMPLE-012,SC-COA-012,CO,RELEASEABLE,,43fe7b602234ca4098afb3779188dbfe8ee8c930a55553691db52c453d99dbb3,43fe7b602234ca4098afb3779188dbfe8ee8c930a55553691db52c453d99dbb3,219d40cf01a9e0cf700b051fdef73ea5479be9077b95a88beb14119cc48e5f88,False
SC-013,SC-SAMPLE-013,SC-COA-013,MI,RELEASEABLE,,93041b229f82520b9ee1e3546c389e2e5c186f835ef0e51a6b9b8b588e9d94c9,93041b229f82520b9ee1e3546c389e2e5c186f835ef0e51a6b9b8b588e9d94c9,9fbef3b0547cd3da8febd4454e312dd41580853fa24ae8b22b654e0e08d55012,False
SC-014,SC-SAMPLE-014,SC-COA-014,MD,RELEASEABLE,,2f9350dc1c2e88392985f2d8492c0027a28317f63c283dbf56a1742fd19bb2f3,2f9350dc1c2e88392985f2d8492c0027a28317f63c283dbf56a1742fd19bb2f3,b4de8b9f9111e0c329207de72bb4e60a11977045a1eb011d9289d048d28911b4,False
SC-015,SC-SAMPLE-015,SC-COA-015,OR,RELEASEABLE,,e16814278a2fa13ffeab491723e47fc250a02655cde0b400ee873a1467a97f4a,e16814278a2fa13ffeab491723e47fc250a02655cde0b400ee873a1467a97f4a,5f5759c13122c81d3e6abc445bf982533e4624f25088101250d36f2283166005,False
SC-016,SC-SAMPLE-016,SC-COA-016,CA,RELEASEABLE,,595d87ceae897ada1762df80484bd284246875f8289879a1a6c28e166900dd8e,595d87ceae897ada1762df80484bd284246875f8289879a1a6c28e166900dd8e,096e9a26b30382bbe2f75e0608b412cd01727eb612725602e55c95423e9fbf4b,False
SC-017,SC-SAMPLE-017,SC-COA-017,CO,RELEASEABLE,,17c6101afb8050b19d1147d829a496a0342c416c9547c7ace16e14f366f1cd65,17c6101afb8050b19d1147d829a496a0342c416c9547c7ace16e14f366f1cd65,aa3b59c0af0ac08dba645078629f197538d3d619256a2c06c7fd39f9a8a709e8,False
SC-018,SC-SAMPLE-018,SC-COA-018,MI,RELEASEABLE,,0bdf5e9cacb878b733dd57c9888900c1932773134f037edf2f7978a26bf4b7c6,0bdf5e9cacb878b733dd57c9888900c1932773134f037edf2f7978a26bf4b7c6,201a2c086f965b186873e99f9ff48888fd83c99369de86a3130c1915e6be2078,False
SC-019,SC-SAMPLE-019,SC-COA-019,MD,RELEASEABLE,,f226a6300c45301c5528d46435143c74f8042ca21e41f632b385287e01edb973,f226a6300c45301c5528d46435143c74f8042ca21e41f632b385287e01edb973,185bc53402050c92760a3d2bfa6441b97374615276edb4b111c055ec718bd226,False
SC-020,SC-SAMPLE-020,SC-COA-020,OR,RELEASEABLE,,b9982efa2b4be5a86b6c5857a27c7579d856fec88f4fad8fa47ea3762ffe9af1,b9982efa2b4be5a86b6c5857a27c7579d856fec88f4fad8fa47ea3762ffe9af1,1289edaf921de1d9d01247a25cb896232d3563f2649c14e2f6430eeebd0b6339,False
SC-021,SC-SAMPLE-021,SC-COA-021,CA,RELEASEABLE,,2e94df403001838c91305f2af3c780356b9823f5e80d30ae9ba32ee20fbc6ab6,2e94df403001838c91305f2af3c780356b9823f5e80d30ae9ba32ee20fbc6ab6,89853d30cdbb0781df615eccfdd907b38f626c069923473e4dd24a0add9b87e2,False
SC-022,SC-SAMPLE-022,SC-COA-022,CO,RELEASEABLE,,ced7acbb932f0e105697814479d41ccc1af4c42d1f4b0e59dc955718426b1182,ced7acbb932f0e105697814479d41ccc1af4c42d1f4b0e59dc955718426b1182,e8eb82561fda1f7e86d6afd5cd48f5c0f4520be7cf02241dc4e4365d57aa307f,False
SC-023,SC-SAMPLE-023,SC-COA-023,MI,RELEASEABLE,,b48d752621464c447990c09a23bca8d6d49a3eeeabffb74f25de3bf9b1d89599,b48d752621464c447990c09a23bca8d6d49a3eeeabffb74f25de3bf9b1d89599,122e4c4f13c3913b3ae67d33416329b6448279230c0e78c6de991adc01de868d,False
SC-024,SC-SAMPLE-024,SC-COA-024,MD,RELEASEABLE,,5d4bac1a944350da051fb2e8dd612e6b232b00f76a08ffe829ce37133d13b7c3,5d4bac1a944350da051fb2e8dd612e6b232b00f76a08ffe829ce37133d13b7c3,b95d5072bb30482700862102f482f9b649f60ade4da96d31cf157be69a4b17e0,False
SC-025,SC-SAMPLE-025,SC-COA-025,OR,RELEASEABLE,,b4394d4a52dbacf8b94c659a3cabfeeb8e069450d8e9779f31c5f0e2835c3873,b4394d4a52dbacf8b94c659a3cabfeeb8e069450d8e9779f31c5f0e2835c3873,36f832a4cf65aa379199dd703a17ffabdf2e9c015c08e1e09769745f4f2db04c,False
SC-026,SC-SAMPLE-026,SC-COA-026,CA,RELEASEABLE,,7544de1f451c60ddcdc0f738a3e61cc6bda9b8b64abbeb90af1058df0128999f,7544de1f451c60ddcdc0f738a3e61cc6bda9b8b64abbeb90af1058df0128999f,4cc4921343a65bbd41c04e5613e822e43a07f8f8face35e9548eee6b01a3598c,False
SC-027,SC-SAMPLE-027,SC-COA-027,CO,RELEASEABLE,,d2de380126a55a1cd4a2739173893232d00a018553d4c4a6f510501996b52172,d2de380126a55a1cd4a2739173893232d00a018553d4c4a6f510501996b52172,d35c8ebaa8dfdb2cf84e3f6ea20ff8aa3092a84d9b2df84cace8604f7aaf0e6f,False
SC-028,SC-SAMPLE-028,SC-COA-028,MI,RELEASEABLE,,77f91f29a0d9bc2e3acd4fced54bd6e2dcae556dce6780e8143dea3ad09e9cd8,77f91f29a0d9bc2e3acd4fced54bd6e2dcae556dce6780e8143dea3ad09e9cd8,c00e1565cec11dd3813dc78ee0d867d8bac55bd36dcae43540ec0b5ba1383021,False
SC-029,SC-SAMPLE-029,SC-COA-029,MD,RELEASEABLE,,6e97ae51388f2b8e494b25edb6e83249cb6f61426be5414914813e8c105b53ad,6e97ae51388f2b8e494b25edb6e83249cb6f61426be5414914813e8c105b53ad,1917a7df013122ead52aba609a961392f2228538c0dbd84e987c31eaf5042e00,False
SC-030,SC-SAMPLE-030,SC-COA-030,OR,RELEASEABLE,,8f3155ddff747d1b312d1f5d1bdf1c04d33817a651d926489f6b057342d71ac8,8f3155ddff747d1b312d1f5d1bdf1c04d33817a651d926489f6b057342d71ac8,5ae8b9480310c17e905e7127a05efaebab8465b5c938605ff735bccc3cb77fec,False
SC-031,SC-SAMPLE-031,SC-COA-031,CA,RELEASEABLE,,ce771ca88bbe195b24b139739879fa917a17e629b50326aa4b47d4e3604e74b1,ce771ca88bbe195b24b139739879fa917a17e629b50326aa4b47d4e3604e74b1,bf8d5f5f820d920376984b7a388c804ab2fab16d310215b8cf4badb9f74221cc,False
SC-032,SC-SAMPLE-032,SC-COA-032,CO,RELEASEABLE,,c50b660daa83ebb5040f1c6c72ca204f81acf4f888136af61302612ccec90eea,c50b660daa83ebb5040f1c6c72ca204f81acf4f888136af61302612ccec90eea,5b6a82a95696089b132ecd9e83c0e47adc4e4b83244b06154d3f516732772966,False
SC-033,SC-SAMPLE-033,SC-COA-033,MI,RELEASEABLE,,84aea78e99353f2249015a2622e455fc7f7381d7cfa0d3c44d92e06b6a313a65,84aea78e99353f2249015a2622e455fc7f7381d7cfa0d3c44d92e06b6a313a65,d5ddb6ee195a9e9bcc066add27b011d67381c152f5b5bec6f13a7efafaef7287,False
SC-034,SC-SAMPLE-034,SC-COA-034,MD,RELEASEABLE,,64eeec8dadf9c4eb7c42491d2c5baa2813ac64316d49c5d8344a8bb307842e5e,64eeec8dadf9c4eb7c42491d2c5baa2813ac64316d49c5d8344a8bb307842e5e,e6e3338a54fbf618b19f76cd28f2fd168495e5507aa623b883d11dafd0a632e2,False
SC-035,SC-SAMPLE-035,SC-COA-035,OR,RELEASEABLE,,b5bb30fc037f1ec2c1e479161339cb5945cb2c4ed71215d67f316e2b7de16fdb,b5bb30fc037f1ec2c1e479161339cb5945cb2c4ed71215d67f316e2b7de16fdb,29da7ac30e08805a0eed661e2950e396320008a51900d8a1458857ac14d6783d,False
SC-036,SC-SAMPLE-036,SC-COA-036,CA,RELEASEABLE,,7503612341e49ff6919a22ef48a0b86b211cefbaeb47435316226c8dc964689c,7503612341e49ff6919a22ef48a0b86b211cefbaeb47435316226c8dc964689c,2a4e95539c2d3618ae799ae450cb5271f1d5245c25640d8159af769f7bab2cf9,False
SC-037,SC-SAMPLE-037,SC-COA-037,CO,RELEASEABLE,,d39c8ed5454c165bbc87a068dc48122b813804cca6d8aa86fb88c92566887e2f,d39c8ed5454c165bbc87a068dc48122b813804cca6d8aa86fb88c92566887e2f,32ba2a71c1cc4a48cc5d8d7511c44e8d382fbad2b7ba790a7515e0bab3bdc06a,False
SC-038,SC-SAMPLE-038,SC-COA-038,MI,RELEASEABLE,,b279885a113d885fe520533d9ee33af7419681bf8da20f134f73d3cdc3632f42,b279885a113d885fe520533d9ee33af7419681bf8da20f134f73d3cdc3632f42,69618ed15c1156b557da27932c4d793224c9ec416f740c82f82884ec0fa83e76,False
SC-039,SC-SAMPLE-039,SC-COA-039,MD,RELEASEABLE,,6ba953f48efced62af5fd6bb6e8688979c4f4515c1c0412054802ba15f423994,6ba953f48efced62af5fd6bb6e8688979c4f4515c1c0412054802ba15f423994,6ffc93bde23497541c4ef3c9899a3007eb16fa5dd3a121932cfcfdc0b8466d80,False
SC-040,SC-SAMPLE-040,SC-COA-040,OR,RELEASEABLE,,82ed65f8f5a0aec1ad271d1847f44c72e40eda68a187f623610e0eaeabface2d,82ed65f8f5a0aec1ad271d1847f44c72e40eda68a187f623610e0eaeabface2d,226e5397e7b557bce0406354d6ae4d67e76ad72bbadae5eb638367f3f5de22ec,False
SC-041,SC-SAMPLE-041,SC-COA-041,CA,RELEASEABLE,,9acf0c3c169892863b391ea7fd37e5ec73a94fbe6becbd649988e87ecfe53897,9acf0c3c169892863b391ea7fd37e5ec73a94fbe6becbd649988e87ecfe53897,35fc343a373a2151f64317b7a32119fe14b0f22a26d1c1762611c20e083b6cab,False
SC-042,SC-SAMPLE-042,SC-COA-042,CO,RELEASEABLE,,ccb192dfef0551fdd3b94c724153de9bce5f5f0fc0db1b13675819e328925b15,ccb192dfef0551fdd3b94c724153de9bce5f5f0fc0db1b13675819e328925b15,3ba7e26e35bd7d285a469eabbe0a2114458f551ae8f8dbf12c7088b052814744,False
SC-043,SC-SAMPLE-043,SC-COA-043,MI,RELEASEABLE,,228ce487ae78ddfab484a5cc014286b5ae109e9b39b1912dfd93cdea9881309d,228ce487ae78ddfab484a5cc014286b5ae109e9b39b1912dfd93cdea9881309d,40ca2dccc692ddce5fb8a928d8f635a36da2c50d9f085fc3054e1ecffd5fe06e,False
SC-044,SC-SAMPLE-044,SC-COA-044,MD,RELEASEABLE,,bf47f9f75fa16479a26aebf1fc418d0112256f48710d99d6d0f6a79737871163,bf47f9f75fa16479a26aebf1fc418d0112256f48710d99d6d0f6a79737871163,61918a6c73477baf0d261d32f9229da53424fa3d2f5d6011beb4782b77eac451,False
SC-045,SC-SAMPLE-045,SC-COA-045,OR,RELEASEABLE,,df45e424a0a8f85f55881aacf389209d9c6a2ad25043a951a3383854d1a37bbe,df45e424a0a8f85f55881aacf389209d9c6a2ad25043a951a3383854d1a37bbe,1edd21b67b4abae206d4d95c99c2aff4503092dca67383a43a67af0af93df55b,False
SC-046,SC-SAMPLE-046,SC-COA-046,CA,RELEASEABLE,,a0ad75e47e262bfe4fe5f498d423e03559f79ceadec5789c303f606951cd96b4,a0ad75e47e262bfe4fe5f498d423e03559f79ceadec5789c303f606951cd96b4,8b6192a850273f40969d0c24fe2625146644e3098474f2d02c5c540aaabc08cf,False
SC-047,SC-SAMPLE-047,SC-COA-047,CO,RELEASEABLE,,97969979e4fa2308069b11a1e84e8f68e47a6e7f55ec83e0c1655e0010a32355,97969979e4fa2308069b11a1e84e8f68e47a6e7f55ec83e0c1655e0010a32355,1f3e8bc53f1426a16c53164a401ad900206246e61af66892ba9cfa80e907317b,False
SC-048,SC-SAMPLE-048,SC-COA-048,MI,RELEASEABLE,,57ffdf90383ebd80de79f588608b20fe8c2e186c5e9919b54069fe48d8e27d91,57ffdf90383ebd80de79f588608b20fe8c2e186c5e9919b54069fe48d8e27d91,08b26257d66ba10b0ebed64e195f8e1af843c91fecd45f060304c58d67cb0cc6,False
SC-049,SC-SAMPLE-049,SC-COA-049,MD,RELEASEABLE,,57fdfd0ad640460da5b8735d3c7c6f8dccd4fdac8ec908aba818896cf1d1b824,57fdfd0ad640460da5b8735d3c7c6f8dccd4fdac8ec908aba818896cf1d1b824,c530fb6f971c379e029e9592061d0cbd7a1006c58324239a489a1a79ab954ae0,False
SC-050,SC-SAMPLE-050,SC-COA-050,OR,RELEASEABLE,,b0e1652ed84cc389c28d9f4d860df0320ac2ba82239dd3cb8bd860b1a4059231,b0e1652ed84cc389c28d9f4d860df0320ac2ba82239dd3cb8bd860b1a4059231,97038891333631ec389834a617a944d3ab8fdd756bc9cc6e5a78c1f7447f95e9,False
SC-051,SC-SAMPLE-051,SC-COA-051,CA,RELEASEABLE,,4d70227e5bcda69dfda28dd91c801beedad68cb55d14c47394c62edd6e0c6a1d,4d70227e5bcda69dfda28dd91c801beedad68cb55d14c47394c62edd6e0c6a1d,2efee2adf9b53e05b5e7e3b7f4d45945c76f31eb23723f7ddf56a8e9e5f57f55,False
SC-052,SC-SAMPLE-052,SC-COA-052,CO,RELEASEABLE,,5a1d8ce66868644a4c5165d5f526e212963ed1cccf7d8b197e957970f1f409e0,5a1d8ce66868644a4c5165d5f526e212963ed1cccf7d8b197e957970f1f409e0,f6273ec92db00731a0e693a895a55001cd97433662d5264ad9e477cbc7050815,False
SC-053,SC-SAMPLE-053,SC-COA-053,MI,RELEASEABLE,,0ed220c4e182279bbf41ab030b68d5b2963f71426d4f7aab35ec7fd0bf4f43a0,0ed220c4e182279bbf41ab030b68d5b2963f71426d4f7aab35ec7fd0bf4f43a0,8454bc48c7cfe03633d59a54247d73fd3101b023d45a37a8b54665154d2cc8a0,False
SC-054,SC-SAMPLE-054,SC-COA-054,MD,RELEASEABLE,,b9238566e8a57294a7d6425f7ebd3dfb9360fb37910e198fce1fb00fd76820f2,b9238566e8a57294a7d6425f7ebd3dfb9360fb37910e198fce1fb00fd76820f2,ab631b2edcbc2e1cfed2d9d7898b3bc5630c90097700d0e4e29bbe3ac2d91703,False
SC-055,SC-SAMPLE-055,SC-COA-055,OR,RELEASEABLE,,35fea0fe96a3a7bdc408df358dd9dcf7441e17e1df3f547a45171d3f2c95f33a,35fea0fe96a3a7bdc408df358dd9dcf7441e17e1df3f547a45171d3f2c95f33a,56af9ee1d27b2d5a96b2cb37b26bc0d9a10ce0eca9233f98dac4bcb3ab0253b7,False
SC-056,SC-SAMPLE-056,SC-COA-056,CA,RELEASEABLE,,4fa8cf2a38fb606a9eb50e204fe6343f9f605282473fa0ec4ec16f499c73fdcc,4fa8cf2a38fb606a9eb50e204fe6343f9f605282473fa0ec4ec16f499c73fdcc,642979179dd0f5ab28f02482c0e2c5fbe9d4b48da093efac1f41c7aac89d78c5,False
SC-057,SC-SAMPLE-057,SC-COA-057,CO,RELEASEABLE,,f44d8a6cb5ee14858e5ba774e09911e6befb6af25cac8a1fd623a09054ac6021,f44d8a6cb5ee14858e5ba774e09911e6befb6af25cac8a1fd623a09054ac6021,f050e3f8ea6e20178c706360a05ec897ac30c13fd455d89fa2d03fd39ba45bd4,False
SC-058,SC-SAMPLE-058,SC-COA-058,MI,RELEASEABLE,,5a2fc02412bf883622a823e5571e461688b6128b46bf27e3a3902f8351df9202,5a2fc02412bf883622a823e5571e461688b6128b46bf27e3a3902f8351df9202,ea2ba3ec74f4a51ae8dbb0ac97636f43026421b8e30910874a8dcebf2d94480c,False
SC-059,SC-SAMPLE-059,SC-COA-059,MD,RELEASEABLE,,0860de695dc56b24de57f11321740302523ac9b831bff4d1819ab53992e1700a,0860de695dc56b24de57f11321740302523ac9b831bff4d1819ab53992e1700a,dbf01ace2f0277961039b990e3086191c9228b39344271a94034ebdfafbe7eb5,False
SC-060,SC-SAMPLE-060,SC-COA-060,OR,RELEASEABLE,,84dcec9f832c84c78d5eb7647fdcb682ee03d7caa0a487908dda7ed174d451c9,84dcec9f832c84c78d5eb7647fdcb682ee03d7caa0a487908dda7ed174d451c9,fd037d2ba0596e16209562e61490e9e756db10c3dea14926334ebe82ddd374e4,False
SC-061,SC-SAMPLE-061,SC-COA-061,CA,RELEASEABLE,,ab257eeef088e0ab685e5e170b55ec9e482c5abf3e2cc23a01bb231cb1fc683b,ab257eeef088e0ab685e5e170b55ec9e482c5abf3e2cc23a01bb231cb1fc683b,db8c9e2d28506f315f37817169b80c00d2c38f18824d372e86721cc7ce8e6d87,False
SC-062,SC-SAMPLE-062,SC-COA-062,CO,RELEASEABLE,,cdc2f7c2e09cdbcbbf7f705c523682622300ea299cd390f55e4ee542b90f564b,cdc2f7c2e09cdbcbbf7f705c523682622300ea299cd390f55e4ee542b90f564b,f7c97f4bce9913739c9de30214b1af2e0a744fa34bf0e46b36b0da7ecb11b741,False
SC-063,SC-SAMPLE-063,SC-COA-063,MI,RELEASEABLE,,4bdec37bd4993b63daf354561313452cec2ed09279dfdd46a0a90d7f1d3eafe7,4bdec37bd4993b63daf354561313452cec2ed09279dfdd46a0a90d7f1d3eafe7,eda263207e90018ef7a5ef8e5c614b4a12cd8f1252ceebfd3fef1834ba537712,False
SC-064,SC-SAMPLE-064,SC-COA-064,MD,RELEASEABLE,,4f115da6fdfa25f5b00af4c34e641092168c9817dc529a6191dabcd5e5920fc9,4f115da6fdfa25f5b00af4c34e641092168c9817dc529a6191dabcd5e5920fc9,10ba12ac6b2490d2f4e29d8c448b6b6d0305a2771632d2861fc208915b63e567,False
SC-065,SC-SAMPLE-065,SC-COA-065,OR,RELEASEABLE,,3cd223712a052cb4fdc104b4d5602f164672f92ff20b77114e0f59134c9c82ec,3cd223712a052cb4fdc104b4d5602f164672f92ff20b77114e0f59134c9c82ec,a181660dab7fafa4c82c43f2ad37f5ccf4d53cde6505ec41942b3755e8afb16b,False
SC-066,SC-SAMPLE-066,SC-COA-066,CA,RELEASEABLE,,e6775ed7b5516e7fda102c5b2f441413f13ac3dfb45319fdf5c60f8675510e39,e6775ed7b5516e7fda102c5b2f441413f13ac3dfb45319fdf5c60f8675510e39,dd767c5aa36a0031eb2ed28bf440092670a274b1b43efc42baf81ec3df8c58ab,False
SC-067,SC-SAMPLE-067,SC-COA-067,CO,RELEASEABLE,,12789268f0cf338a873595bc9269cfd3f916ee2cea951580e4b0347d6e02b6ab,12789268f0cf338a873595bc9269cfd3f916ee2cea951580e4b0347d6e02b6ab,5d8fc34b7287966619e88d053933239245987b594f4705af38242960aa17c5d5,False
SC-068,SC-SAMPLE-068,SC-COA-068,MI,RELEASEABLE,,a3d4957eb67c671ea3f347ad4649d39efe3b695e11629ba219a7982a28f18bfe,a3d4957eb67c671ea3f347ad4649d39efe3b695e11629ba219a7982a28f18bfe,597053a39bc8e948eed93c0cf5d6faa93c3b1fbb08512e49b0645867508fd1fe,False
SC-069,SC-SAMPLE-069,SC-COA-069,MD,RELEASEABLE,,7fca6350e1c6e657de84aed49e8d84df7df5ee717ee2b067af6a3bc25ef51629,7fca6350e1c6e657de84aed49e8d84df7df5ee717ee2b067af6a3bc25ef51629,5085b61590d58b3b7eb5d458122d9ed9d5587e24fc1425b0dcad128ebce9d87c,False
SC-070,SC-SAMPLE-070,SC-COA-070,OR,RELEASEABLE,,ba26463f25c458959b7e42265d014086c2df2be8e30e60b967a0e7959a4ebf16,ba26463f25c458959b7e42265d014086c2df2be8e30e60b967a0e7959a4ebf16,c30743b257cce2fb4f9441edf21d5fe699b81231e556c7a8c94e896fdd1436aa,False
SC-071,SC-SAMPLE-071,SC-COA-071,CA,RELEASEABLE,,423e62290f7b6117c8cec3408bd91949aa29797afc0887a8c97ffdccf627d1d6,423e62290f7b6117c8cec3408bd91949aa29797afc0887a8c97ffdccf627d1d6,5966356aa9b756287f4c403c326a5f82c80bf38880df0b4f86331914954dcb6d,False
SC-072,SC-SAMPLE-072,SC-COA-072,CO,RELEASEABLE,,cdac06a972dd4c18770fac8a0475397b42d3f7d0362998fb4aae5ab55d5f3bc0,cdac06a972dd4c18770fac8a0475397b42d3f7d0362998fb4aae5ab55d5f3bc0,2714298de3de3faee8ecf82bdae4ddd694af17c45dae80afc88a5b2b1930c7e9,False
SC-073,SC-SAMPLE-073,SC-COA-073,MI,RELEASEABLE,,fcfb319dd2790c8a68e3b54c8913feb763612bcf12a042ee3b060e3692047ed3,fcfb319dd2790c8a68e3b54c8913feb763612bcf12a042ee3b060e3692047ed3,f86ea3f25da364f1b844cb9ec4b45f138daac0bb1ae7ac0f4bfea967b01353d9,False
SC-074,SC-SAMPLE-074,SC-COA-074,MD,RELEASEABLE,,c879391de230b16a8ef70d47050ed7d2f094ad3e494c10e83768b08acfaffa47,c879391de230b16a8ef70d47050ed7d2f094ad3e494c10e83768b08acfaffa47,7528ff9eff673fa1e3ac978a9613c2131bef98ce5eb4234dd59408ba70c0d956,False
SC-075,SC-SAMPLE-075,SC-COA-075,OR,RELEASEABLE,,89818d4821e4cb236119bafc904e38e8338e59cc93c85759426077c50444ca2f,89818d4821e4cb236119bafc904e38e8338e59cc93c85759426077c50444ca2f,34ff2a095af5226994f58ad2ad443be929b5fe3247977f07fb561b332e955517,False
SC-076,SC-SAMPLE-076,SC-COA-076,CA,RELEASEABLE,,b5c92f8f11eddc94ead76ab874b8c936a2ce23df720cc66d6125c3b609c6a336,b5c92f8f11eddc94ead76ab874b8c936a2ce23df720cc66d6125c3b609c6a336,4ec2fe6d7298833c827eb558d059fdd92c879601c116bb7894fea717c8a9ce0a,False
SC-077,SC-SAMPLE-077,SC-COA-077,CO,RELEASEABLE,,91756ae385e2651b015cf3fc2775fb350444acd4e2c1a21decd24ffb3e85b1ed,91756ae385e2651b015cf3fc2775fb350444acd4e2c1a21decd24ffb3e85b1ed,373212653ee497a6147f4da4b51470302e3775bb25d070147e8833acc0cf7e74,False
SC-078,SC-SAMPLE-078,SC-COA-078,MI,RELEASEABLE,,8cb8bb1d7c30f8dc1870187d7b3dd57f9a5f4fbfb19d628c07dbc83bbe991142,8cb8bb1d7c30f8dc1870187d7b3dd57f9a5f4fbfb19d628c07dbc83bbe991142,b634d823a15ca7f613d53a9846e01214155af3f8d5f34448172b91154828401f,False
SC-079,SC-SAMPLE-079,SC-COA-079,MD,RELEASEABLE,,f46e0e72b398c06cc652523596a0ccd224383b6bd612dfc35b81715844b0a187,f46e0e72b398c06cc652523596a0ccd224383b6bd612dfc35b81715844b0a187,cd0858c2728a8071c0410ec7c5e9d93f6adaa838c6a0362ce39d801945e1c444,False
SC-080,SC-SAMPLE-080,SC-COA-080,OR,RELEASEABLE,,8a09b0b875a6c3b8902468d5517837449eaf2981dbc2862155b5f35e2748c05d,8a09b0b875a6c3b8902468d5517837449eaf2981dbc2862155b5f35e2748c05d,462e68878c0d56481b9b4edf8ee7f01d20093deb33626cd840f330b363bcafba,False
SC-081,SC-SAMPLE-081,SC-COA-081,CA,RELEASEABLE,,ce25e9d6e884e3d51453394fb2944a2057fe240d4306cd41db395ee51bd20a93,ce25e9d6e884e3d51453394fb2944a2057fe240d4306cd41db395ee51bd20a93,c1e93419bf8c3daf3c2a419ba996b14773536c0c915159b1d224d71df3f1f2e5,False
SC-082,SC-SAMPLE-082,SC-COA-082,CO,RELEASEABLE,,2757840d7ed0f2e2a296d36b997132cb42e8341e336def114c568062548dd723,2757840d7ed0f2e2a296d36b997132cb42e8341e336def114c568062548dd723,16a94ff35620cd38a8ef7b0d23196a4ea3199443548d1b14b75d7ca7a10a3042,False
SC-083,SC-SAMPLE-083,SC-COA-083,MI,RELEASEABLE,,3313ad73daae917d9bbdbd670a96d2742e7ef66c509961505f9225f3d370a353,3313ad73daae917d9bbdbd670a96d2742e7ef66c509961505f9225f3d370a353,5060b51770f5167c763e495da2a8b80304dadef0333332a313173f74f6dfde1b,False
SC-084,SC-SAMPLE-084,SC-COA-084,MD,RELEASEABLE,,428f3a14873e3708ce9720e39ec10246b1b1a9e20280792bc718eaba8f1df2fd,428f3a14873e3708ce9720e39ec10246b1b1a9e20280792bc718eaba8f1df2fd,7d322546695c02c30bade4ebe24ccf3819814cb483723a0aed93c7a84fb4540c,False
SC-085,SC-SAMPLE-085,SC-COA-085,OR,RELEASEABLE,,452d1b0039378422bcacd9e0871ca71a5e514850f7f52d0ee1d33baf5e02b60b,452d1b0039378422bcacd9e0871ca71a5e514850f7f52d0ee1d33baf5e02b60b,43fb90c7ef9b52e27264196246d1898406d2b0ccbb3e3d000500815b1ebddbc3,False
SC-086,SC-SAMPLE-086,SC-COA-086,CA,RELEASEABLE,,718094b956e27d063d5b1bf4608492a39de0e9c9705d6a85e6321b687b224c43,718094b956e27d063d5b1bf4608492a39de0e9c9705d6a85e6321b687b224c43,4d142f637b85a7160bff64fd4a1652e885c388860710c8033ab58dfcdf0b9da2,False
SC-087,SC-SAMPLE-087,SC-COA-087,CO,RELEASEABLE,,fad03f652f7ae0cee127591644a38b93dcad9a4f686e7d5f88f1389435101bb2,fad03f652f7ae0cee127591644a38b93dcad9a4f686e7d5f88f1389435101bb2,e19c9b870674a1780b0e4a1c0df304d54533146dc36df341055406d540202ddc,False
SC-088,SC-SAMPLE-088,SC-COA-088,MI,RELEASEABLE,,efa9efe7cc410c921dd392ecf741a36a6cebed5884630a7ad308fbf97892a383,efa9efe7cc410c921dd392ecf741a36a6cebed5884630a7ad308fbf97892a383,ce2319cd00d4a2e084fcc3558e42d69eccdb4a29aad5e2479c0fff971ce24763,False
SC-089,SC-SAMPLE-089,SC-COA-089,MD,RELEASEABLE,,2ed411ab5606473fc31b36b303c92db7e096351fbf670eeb620bc616b73a3f3f,2ed411ab5606473fc31b36b303c92db7e096351fbf670eeb620bc616b73a3f3f,f6970c9a0114d6e34a05718b5b1d9893af9cd40d1070510c966cec954006be67,False
SC-090,SC-SAMPLE-090,SC-COA-090,OR,RELEASEABLE,,9568036ffd5d6a8f24337ea0fd6a862e66bb7ce1e2bdfb4649390ba8dbfd196c,9568036ffd5d6a8f24337ea0fd6a862e66bb7ce1e2bdfb4649390ba8dbfd196c,e295fbb8cddb937a7b6c3b78e1fb32e9cfa62ad331eb28f0705ea3d63fda15d2,False
SC-091,SC-SAMPLE-091,SC-COA-091,CA,RELEASEABLE,,5ec16f3d2d558344abaecd0d2ea32c580173dd9219a29a0d922b756c72e20d0b,5ec16f3d2d558344abaecd0d2ea32c580173dd9219a29a0d922b756c72e20d0b,c6604e2130b7fa60aa51eb7edca824472aa890e9badb76e75c0340a28d3319d5,False
SC-092,SC-SAMPLE-092,SC-COA-092,CO,RELEASEABLE,,3c811365daf58980f20d8da452ea74d5c74ecf00d28218d20f7c61579c93dcf6,3c811365daf58980f20d8da452ea74d5c74ecf00d28218d20f7c61579c93dcf6,3168accd9c180a0a8e03f221f6a007230700ad61468bb32cb98c38c2077c8bcf,False
SC-093,SC-SAMPLE-093,SC-COA-093,MI,RELEASEABLE,,cef820f05001077a50706b3d5c1737592b208426e886f6a6e69a8deaff356850,cef820f05001077a50706b3d5c1737592b208426e886f6a6e69a8deaff356850,f23415637795eb91da02da6b391d68fe2177acdfa033aa479681e925fd2dd1a6,False
SC-094,SC-SAMPLE-094,SC-COA-094,MD,RELEASEABLE,,316517825c4ba67ac994f5872d40edf3e28e6bf322a9c8df5be14ce0b71dff24,316517825c4ba67ac994f5872d40edf3e28e6bf322a9c8df5be14ce0b71dff24,7b3785ef6e7a619bb60f89c86341702ff4feaf4e2cf15a06b459519189123ae8,False
SC-095,SC-SAMPLE-095,SC-COA-095,OR,RELEASEABLE,,f92a2eec3b523738e82837b0a93c7dcff097aad7aef68b4cea180a8cf4f93f52,f92a2eec3b523738e82837b0a93c7dcff097aad7aef68b4cea180a8cf4f93f52,94de9b5ac340846996c432e44046d504caae7a6e4927083bdeafe0581c297afe,False
SC-096,SC-SAMPLE-096,SC-COA-096,CA,RELEASEABLE,,dedce0ab74e898a507d4f3d190495042170b1d0b65fb14ce7f2bbcfea8091536,dedce0ab74e898a507d4f3d190495042170b1d0b65fb14ce7f2bbcfea8091536,f3379e7defb0e203ff615505712d0328080432f3db4e645e660705ebaed81f55,False
SC-097,SC-SAMPLE-097,SC-COA-097,CO,RELEASEABLE,,eef03e9020562aeaec59fc2ddf6c4073e66ea36d1ce6bab275f8994ff3951f51,eef03e9020562aeaec59fc2ddf6c4073e66ea36d1ce6bab275f8994ff3951f51,e584bf6b0c03d1020e799a8c680c7efab13fc3905601d9fb5821205e79989ce1,False
SC-098,SC-SAMPLE-098,SC-COA-098,MI,RELEASEABLE,,504c501c07351b29f00133041fd4889ab6e02073a31c28d359b3526f579f3b36,504c501c07351b29f00133041fd4889ab6e02073a31c28d359b3526f579f3b36,f446f708f3c6d599b0af70e12c911f22cd25e3547a27a565522c99967e7b83a7,False
SC-099,SC-SAMPLE-099,SC-COA-099,MD,RELEASEABLE,,91768fa1d0794e4b8ee5c017a0cd4963467928cd8ab7753c3281dbb09a3534de,91768fa1d0794e4b8ee5c017a0cd4963467928cd8ab7753c3281dbb09a3534de,eb184534277651b7454d886950efa31e8f8ae0a0a478d4fa4d8f0f31f81faa2c,False
SC-100,SC-SAMPLE-100,SC-COA-100,OR,RELEASEABLE,,d6267654a31c5816b314820890e08679e81a6768213c1bd5050b0b17633a0c56,d6267654a31c5816b314820890e08679e81a6768213c1bd5050b0b17633a0c56,00eb5ea3b33a593a234ddd6df0674c508bf25c700a09caeda1befc970c234482,False
SC-101,SC-SAMPLE-101,SC-COA-101,CA,RELEASEABLE,,bdcd5410c2160f159bebd5e64aaf7cb84fbdb57b5b4ddda7ba9d3b27e3465fb0,bdcd5410c2160f159bebd5e64aaf7cb84fbdb57b5b4ddda7ba9d3b27e3465fb0,29a5ff6824597f882d1ad70a910b420080dd20dc6c34d295286f0989e11cba6d,False
SC-102,SC-SAMPLE-102,SC-COA-102,CO,RELEASEABLE,,74ff9cdb6b9fe561af3ef9262645bd3401375260ca4bba435e5f8d3106419878,74ff9cdb6b9fe561af3ef9262645bd3401375260ca4bba435e5f8d3106419878,f0495e0af6e8c95d3d38b536e6edd0865b7f88793e15baecd280199c1680f3a5,False
SC-103,SC-SAMPLE-103,SC-COA-103,MI,RELEASEABLE,,6e7dff932090b098b72476d787121bfdad31a9f95db1910ff0c3ddaf4e54c651,6e7dff932090b098b72476d787121bfdad31a9f95db1910ff0c3ddaf4e54c651,32d1b67696c474a8d7ce872ac6e8de84b7c1ff6c54fd5d8777f48b400a22989f,False
SC-104,SC-SAMPLE-104,SC-COA-104,MD,RELEASEABLE,,ee4bc1ef5c3517e806c8e495e9a001b2006b1a9165a5314a2fbcc235bd56b1aa,ee4bc1ef5c3517e806c8e495e9a001b2006b1a9165a5314a2fbcc235bd56b1aa,1017a7ed44fada0b85e32779c4be1a6433ee6f67c4476ec802c53fe6eea16734,False
SC-105,SC-SAMPLE-105,SC-COA-105,OR,RELEASEABLE,,d6d46d667784f2b4c219463c97e828d0ac813751dc1a56de76a2adc528fb50bd,d6d46d667784f2b4c219463c97e828d0ac813751dc1a56de76a2adc528fb50bd,c220d6fc30839e5a9018a01281678142a3829313e31d49c4b22f913f3680c6a4,False
SC-106,SC-SAMPLE-106,SC-COA-106,CA,RELEASEABLE,,c553cffbbcaf8ea7347cf0c772b069b8f7850ec2666edb6cd9096bba9868f0f3,c553cffbbcaf8ea7347cf0c772b069b8f7850ec2666edb6cd9096bba9868f0f3,c4bd1476de8d32abeccb817a0ab8c9ef30b786f228acbf36c08254daeb1713a0,False
SC-107,SC-SAMPLE-107,SC-COA-107,CO,RELEASEABLE,,f9b1f9d5602a82bdf957a052264310e81b7107488ed1f320b259ee19cd6143b9,f9b1f9d5602a82bdf957a052264310e81b7107488ed1f320b259ee19cd6143b9,0a42aa04b80f6a36fb7ad6b65d15916809eef65950f1d07ba0dcb58dcddb09e9,False
SC-108,SC-SAMPLE-108,SC-COA-108,MI,RELEASEABLE,,d067b5d146c9b18cf3b8f525a7cfb67465579949062618795ab0ba02a8e40b19,d067b5d146c9b18cf3b8f525a7cfb67465579949062618795ab0ba02a8e40b19,403b1bf062b3b35cb8bd0665665af9a5df269ea244179efc9f0bea05a2e2deae,False
SC-109,SC-SAMPLE-109,SC-COA-109,MD,RELEASEABLE,,429fda68dd8269bfd8b87f2aa33bfe96ba5b630f29083488a53a7ff07208adac,429fda68dd8269bfd8b87f2aa33bfe96ba5b630f29083488a53a7ff07208adac,41aa462dd463d0e98026a0149276344fe19ce0e6e0f76328495c3e3682298c88,False
SC-110,SC-SAMPLE-110,SC-COA-110,OR,RELEASEABLE,,ff20e6d4a91ba97b474f16a8e8234c55ff4c890ad78638bc03857328234d7f62,ff20e6d4a91ba97b474f16a8e8234c55ff4c890ad78638bc03857328234d7f62,24c8fce130de32a62058510fd39ff1e48ef55514a91e0079dea06b6146b99949,False
SC-111,SC-SAMPLE-111,SC-COA-111,CA,RELEASEABLE,,018cd5bce751664b7a5f0de859a435a87c6c33b28c8c61162efa5f242090b6f3,018cd5bce751664b7a5f0de859a435a87c6c33b28c8c61162efa5f242090b6f3,2fa8218781771b6ec205c0bd13750259048ee1f3c8f56027e4dedea4330b684d,False
SC-112,SC-SAMPLE-112,SC-COA-112,CO,RELEASEABLE,,10e1b4d4aab250f6f6a0930ede3cd484c20b214a278c16fd2bffef72bbdda72a,10e1b4d4aab250f6f6a0930ede3cd484c20b214a278c16fd2bffef72bbdda72a,ca276bf0b1611c81ceb3a6be6f2e63e9942ee9d3c1ec8a96741cfc8d91ca8d5f,False
SC-113,SC-SAMPLE-113,SC-COA-113,MI,RELEASEABLE,,efafad49a64aebb99b0858925bc5cefaae0297a0e5861810c7faff2eb062ae0f,efafad49a64aebb99b0858925bc5cefaae0297a0e5861810c7faff2eb062ae0f,8cb8490073d743937d8f6de73db648be52bdc9b9f5f3948fc499543b55f8de56,False
SC-114,SC-SAMPLE-114,SC-COA-114,MD,RELEASEABLE,,bb89134dcfa5e98a15251e98f991131aae127d15fdd53ff814cdcd23ef26fe09,bb89134dcfa5e98a15251e98f991131aae127d15fdd53ff814cdcd23ef26fe09,7d09eadd11e39417e54dfed64fae3bc54dc52adc7fc1d1848c56153c619244f9,False
SC-115,SC-SAMPLE-115,SC-COA-115,OR,RELEASEABLE,,ae814ae199996e0bf84fa6885ab8687fe7e8cc1d9f385efe7590247227be26e4,ae814ae199996e0bf84fa6885ab8687fe7e8cc1d9f385efe7590247227be26e4,5f0330c7b1333c62df996dddb86dfe219104e70e19105d80b7419f010c67feac,False
SC-116,SC-SAMPLE-116,SC-COA-116,CA,RELEASEABLE,,c52cb106f415db86fc314cc144ae310181a6208957b135b66f02fc62451f0036,c52cb106f415db86fc314cc144ae310181a6208957b135b66f02fc62451f0036,bd54056369973258e4934495d194bc57bf2c6471ba6f1391bd88b6d10a067836,False
SC-117,SC-SAMPLE-117,SC-COA-117,CO,RELEASEABLE,,f354b7f72dfe459dab3ffc6616d5330d8447819950d2539a774548bc677ad595,f354b7f72dfe459dab3ffc6616d5330d8447819950d2539a774548bc677ad595,a56fa278165e6af4caca6c8cc21ac1a3f09834ebb765966ebdb712a77a2c651a,False
SC-118,SC-SAMPLE-118,SC-COA-118,MI,RELEASEABLE,,bba36afb751fc93d89566521dbc858db1fd0222938d466ed13aa274b056fb723,bba36afb751fc93d89566521dbc858db1fd0222938d466ed13aa274b056fb723,9efebce3db8437e4412091ead45c828895c5f309ccfa9953cbb81ade8e229640,False
SC-119,SC-SAMPLE-119,SC-COA-119,MD,RELEASEABLE,,eb13576a116a165bfc608629f92fdcbea47dc60f32cd29b5f3ff82a3dd77a33a,eb13576a116a165bfc608629f92fdcbea47dc60f32cd29b5f3ff82a3dd77a33a,e14329188b43b3a6f96501563534551ed187792612ae374f7666e39ce9e14824,False
SC-120,SC-SAMPLE-120,SC-COA-120,OR,RELEASEABLE,,e7b30e5f6787b6c0e8db885b3e1921347146486302af005ce8fbf56e3f321606,e7b30e5f6787b6c0e8db885b3e1921347146486302af005ce8fbf56e3f321606,8d70f5675cbe614f110a05553ca5b04dcefd4b45f82313b5e8bff6160a48ff00,False
SC-121,SC-SAMPLE-121,SC-COA-121,CA,HOLD,RULE_VERSION_EXPIRED,bafd6618f07e83a7011387f0d8a735f1b4237eeae9ea9b3206be3c8362226cdf,bafd6618f07e83a7011387f0d8a735f1b4237eeae9ea9b3206be3c8362226cdf,8686c95a46450c43f0311873a2821e2fa45a5201bd5e7a718cbe0050d1044c98,False
SC-122,SC-SAMPLE-122,SC-COA-122,CO,HOLD,RULE_VERSION_EXPIRED,b4c1aa476304088cb4d36518b703aa0154b6c0d04afea74eea1a9f1b66c5e3f6,b4c1aa476304088cb4d36518b703aa0154b6c0d04afea74eea1a9f1b66c5e3f6,351ac6f5266e70d4f10e558a817b789ab79adf8f02e0b39f474e2c1d6360d3a2,False
SC-123,SC-SAMPLE-123,SC-COA-123,MI,HOLD,RULE_VERSION_EXPIRED,6711749ffbd0c501f6450287fcb3297633284079b04afaa103968203807f7d97,6711749ffbd0c501f6450287fcb3297633284079b04afaa103968203807f7d97,e89e3442d7a602152cba069dea9ce9e88bd04e9c44fd1abac71b3166d8107c2a,False
SC-124,SC-SAMPLE-124,SC-COA-124,MD,HOLD,RULE_VERSION_EXPIRED,2dd96d23deccbbaf538a192f2029ee0afac5362bf6c009b5bb6db7414e22e405,2dd96d23deccbbaf538a192f2029ee0afac5362bf6c009b5bb6db7414e22e405,4f7c490394f92c9cb27dd9dc63a2665791ac4db74edd4ed4dd83403613865f89,False
SC-125,SC-SAMPLE-125,SC-COA-125,OR,HOLD,RULE_VERSION_EXPIRED,0b22b39300f8c3c97254a1ba4aa5e5b0b2d00210f00703e4fb3cb43ae5e60d40,0b22b39300f8c3c97254a1ba4aa5e5b0b2d00210f00703e4fb3cb43ae5e60d40,52e5b450e02772ac61930ecf6753ccd83a43b34c9f07d19b38cbc3ebbd5d592c,False
SC-126,SC-SAMPLE-126,SC-COA-126,CA,HOLD,PANEL_NOT_VALID_FOR_JURISDICTION,38860bf07f442780669aa1d4c2c5a5257332f73cef37e97dc9a671fd4e5bd385,38860bf07f442780669aa1d4c2c5a5257332f73cef37e97dc9a671fd4e5bd385,93da88fa4f1bdd52e009b02df9dc1c0031550721db01622fb5ee2d083fa832fe,False
SC-127,SC-SAMPLE-127,SC-COA-127,CO,HOLD,PANEL_NOT_VALID_FOR_JURISDICTION,75bc38c1abfa77c2e837d052bb3112780987a12f46003a85dcbda1f5ce48d8a8,75bc38c1abfa77c2e837d052bb3112780987a12f46003a85dcbda1f5ce48d8a8,ad4550660acf9eba7e25eb2dca39c15658ace425549b18cd96f8b2b6799cce19,False
SC-128,SC-SAMPLE-128,SC-COA-128,MI,HOLD,PANEL_NOT_VALID_FOR_JURISDICTION,dacc83b5b4f707e50c9eca2a538999346514e5aece45d9cb81d0db5dbb6d4a99,dacc83b5b4f707e50c9eca2a538999346514e5aece45d9cb81d0db5dbb6d4a99,e5b2d3b61843e7e8eb793437eb29055c55a8a673722c3e387e34219d0a3702f7,False
SC-129,SC-SAMPLE-129,SC-COA-129,MD,HOLD,PANEL_NOT_VALID_FOR_JURISDICTION,e25af59966461f1177f25118711ce40f2751a78c1a107cb2fa0af7db9bb6527a,e25af59966461f1177f25118711ce40f2751a78c1a107cb2fa0af7db9bb6527a,c680e01cb943d4113bbdc1a6d320faa18d32ab6c89763afb5816c3eccc2eac95,False
SC-130,SC-SAMPLE-130,SC-COA-130,OR,HOLD,PANEL_NOT_VALID_FOR_JURISDICTION,d7748e60b3b5eff001d6e56c58a31dda869373de5c4779cf52b93c13e8a86155,d7748e60b3b5eff001d6e56c58a31dda869373de5c4779cf52b93c13e8a86155,4d46e3488ebf27bb0fd9b0dbe28ea5a6665bd0d47eb76abdf51d7d37ed3c4360,False
SC-131,SC-SAMPLE-131,SC-COA-131,CA,HOLD,METHOD_LIMIT_MISMATCH,4b1800c9be1ddfa8af0ff683513cce710eedebb64db3983364b7044bd49f3096,4b1800c9be1ddfa8af0ff683513cce710eedebb64db3983364b7044bd49f3096,38c1b66a2941d4e75dd97b68ba0f4f3d19d29c49cc15020284cc20670da6a6e1,False
SC-132,SC-SAMPLE-132,SC-COA-132,CO,HOLD,METHOD_LIMIT_MISMATCH,343be45ac2f96434d073dd801e8d99c9f678878b65bcb844ba234a6aa7974d5e,343be45ac2f96434d073dd801e8d99c9f678878b65bcb844ba234a6aa7974d5e,87f5764fead4260a4ae318a2c22b5d08ccee167e9416d6403bb8daa1aa202e43,False
SC-133,SC-SAMPLE-133,SC-COA-133,MI,HOLD,METHOD_LIMIT_MISMATCH,d0e4a0cfd66d8723864de505d2ccf383f81619923f642acf6945524840011d0b,d0e4a0cfd66d8723864de505d2ccf383f81619923f642acf6945524840011d0b,3e179fb8a661c2ba8efe89abaaa226c3c578bc85a0b01486b808eb310dcda54e,False
SC-134,SC-SAMPLE-134,SC-COA-134,MD,HOLD,METHOD_LIMIT_MISMATCH,1579e32cb828a5a1282472958f93d74193d11160186d77e06d046b8914b9fe6c,1579e32cb828a5a1282472958f93d74193d11160186d77e06d046b8914b9fe6c,57f6f8078a4e6380ed4008ba87faf24cc1c3f048ce1c4e10ee5eb8bfda10c592,False
SC-135,SC-SAMPLE-135,SC-COA-135,OR,HOLD,METHOD_LIMIT_MISMATCH,1294e5e8db77c0f3ad03f93a8c5e2160ded35465fe21d77840550505a001cccf,1294e5e8db77c0f3ad03f93a8c5e2160ded35465fe21d77840550505a001cccf,9031460a08ccf30299a0b055fd1719bc0209869ce4b593d8d4dfaa7da6b3aa66,False
SC-136,SC-SAMPLE-136,SC-COA-136,CA,HOLD,CUSTODY_GAP,97bf3c235d53ce36b625a84ce3abcc6707cd4709c54a54f90281be228fb2e24a,97bf3c235d53ce36b625a84ce3abcc6707cd4709c54a54f90281be228fb2e24a,8505667938af26130edb58db58b290d13fbfe2056e96ca6936de47aab3859065,False
SC-137,SC-SAMPLE-137,SC-COA-137,CO,HOLD,CUSTODY_GAP,c8fdda92dfcbd05b37e6cbbc0a4595eb29d054dec688dd014439e7b074653a38,c8fdda92dfcbd05b37e6cbbc0a4595eb29d054dec688dd014439e7b074653a38,248d8b53c097bf981685c042cfcf9520159837ce7eed0ae36d3a7281c487d46f,False
SC-138,SC-SAMPLE-138,SC-COA-138,MI,HOLD,CUSTODY_GAP,ea412dd5648cdd2da990a8f9cfd753d2f15482cb08eb044a278e51ac8cef1819,ea412dd5648cdd2da990a8f9cfd753d2f15482cb08eb044a278e51ac8cef1819,aec19f42e3927812889bf4adccd904e2094d25351612b65c375d4e7cfa6f42b9,False
SC-139,SC-SAMPLE-139,SC-COA-139,MD,HOLD,CUSTODY_GAP,fc1b6fc0c0a58eb778d6de82a13fc9ba75d4246a7b080c5a68230c5c1a2fee36,fc1b6fc0c0a58eb778d6de82a13fc9ba75d4246a7b080c5a68230c5c1a2fee36,9b779a673fc16d537f4f09d64009210885ff653a205be8103e1f1867b09fd33c,False
SC-140,SC-SAMPLE-140,SC-COA-140,OR,HOLD,CUSTODY_GAP,18f973ec7448c155b6605eee9c552e7b94bd1bd6a3fa5b779d2794a34a560c21,18f973ec7448c155b6605eee9c552e7b94bd1bd6a3fa5b779d2794a34a560c21,2c3419212be30c6cae3149a799b5c0bc68d97f571bdc075055838477f7f1cfea,False
SC-141,SC-SAMPLE-001,SC-COA-001,CA,HOLD,DUPLICATE_RELEASE_ID,0b7fab7eff7c4fff2905ae9e081c11cab6ecd9705ac7241c3f7fa19ea288c097,0b7fab7eff7c4fff2905ae9e081c11cab6ecd9705ac7241c3f7fa19ea288c097,d5843df8a2c59cf647b94bbaf9b49196c09d435bbbdaaa34d31861e1eef9bbf3,False
SC-142,SC-SAMPLE-002,SC-COA-002,CO,HOLD,DUPLICATE_RELEASE_ID,9aaba243d3e07ed091abde2923b77459bb0c7e123ce249a9aa29e091513fa807,9aaba243d3e07ed091abde2923b77459bb0c7e123ce249a9aa29e091513fa807,2df8b68eba0acc365527fa18d7b8b563963c148ab1f6f9f253542f1f1001801c,False
SC-143,SC-SAMPLE-003,SC-COA-003,MI,HOLD,DUPLICATE_RELEASE_ID,9aef4959ca1659c0b49719b8dfe999f6e2665bdab80fd42ef0981bc4b40985fe,9aef4959ca1659c0b49719b8dfe999f6e2665bdab80fd42ef0981bc4b40985fe,ce89f93dd9275d098339a1604f76e78fd9460d8a68922dc12f4a66bd8f2ce49e,False
SC-144,SC-SAMPLE-004,SC-COA-004,MD,HOLD,DUPLICATE_RELEASE_ID,621efaa7e2cb6c48b301c2b01256acbf42a78c66d8e63f06d1ac2d5292d3401c,621efaa7e2cb6c48b301c2b01256acbf42a78c66d8e63f06d1ac2d5292d3401c,c312acd8c6b1bb676585408cd6a249d2e843f075d92a4127d9e3741b99015972,False
SC-145,SC-SAMPLE-005,SC-COA-005,OR,HOLD,DUPLICATE_RELEASE_ID,7431213cb54fc5dc16a768ecda31d6f1d2a6cc372f9e9c6a4236bdcd522f0888,7431213cb54fc5dc16a768ecda31d6f1d2a6cc372f9e9c6a4236bdcd522f0888,e0aeabc98fa108893adc8f93a43d815c5ca48fc89d1a3342ac47aa28c4af960f,False
SC-146,SC-SAMPLE-146,SC-COA-146,CA,HOLD,SCOPE_OR_SIGNER_MISMATCH,68c99eaa73a1bfa18237215263d5531d20d431776f47f29d30093077f4b20493,68c99eaa73a1bfa18237215263d5531d20d431776f47f29d30093077f4b20493,50f3ec2eb678c5b26d1cf3a06a49123c8f19dedfe5780f9271514f0327702143,False
SC-147,SC-SAMPLE-147,SC-COA-147,CO,HOLD,SCOPE_OR_SIGNER_MISMATCH,3702db5c45fef7a34d3862288dfe48f2bc93aa177809fb98bf9f32da4030509d,3702db5c45fef7a34d3862288dfe48f2bc93aa177809fb98bf9f32da4030509d,4c9087c8b7d570b3b5a0194161cc16ca55975fb89a23be897a529db41703052a,False
SC-148,SC-SAMPLE-148,SC-COA-148,MI,HOLD,SCOPE_OR_SIGNER_MISMATCH,b0a4fd12d5b42bd69ef7c89da3f71796c891b219e2eaeb751c68e8f07ee95fd9,b0a4fd12d5b42bd69ef7c89da3f71796c891b219e2eaeb751c68e8f07ee95fd9,e1b307208cc1f4dae8420ea86c0037cb331709a1ce1ef7991f704c46d173d919,False
SC-149,SC-SAMPLE-149,SC-COA-149,MD,HOLD,SCOPE_OR_SIGNER_MISMATCH,e59e810dac49bede6efce12e7417f18e0beab97be17f662e1dcaad2ea456c631,e59e810dac49bede6efce12e7417f18e0beab97be17f662e1dcaad2ea456c631,fe7d8e6c756614df2907cefdc5743e6021b88b78ea0ec349d3bce7b861b6aceb,False
SC-150,SC-SAMPLE-150,SC-COA-150,OR,HOLD,SCOPE_OR_SIGNER_MISMATCH,dcc93cb3ac1b15378dd64d7650e7459a4776f3a6db129313c324c901431e8b5c,dcc93cb3ac1b15378dd64d7650e7459a4776f3a6db129313c324c901431e8b5c,eda079f8581b3d3b26b96d9222672b624e45814f006fd5000d20ab03969ba7c1,False
