record_id,sample_id,coa_id,jurisdiction,license_id,matrix,collection_at,custody_events,rule_pack_version,rule_pack_expires_at,requested_panel,method_version,loq,reporting_limit,accreditation_scope,final_coa_signer,result_sha256,synthetic
SC-001,SC-SAMPLE-001,SC-COA-001,CA,CA-LICENSE-01,FLOWER,2026-08-20T12:00:00Z,COLLECTED@2026-08-20T12:00:00Z|TRANSFERRED@2026-08-20T14:00:00Z|RECEIVED@2026-08-20T16:00:00Z,CA-2026.1,2027-09-01T00:00:00Z,CA-CANNABINOID-SAFETY,SC-CA-001/2026.1,0.10,0.20,ISO17025-CA-CANNABINOID-SAFETY,reviewer-ca,771a6141a27c9f58404d275611b32d4eb03ccd4b0145f29467069cce464aa155,true
SC-002,SC-SAMPLE-002,SC-COA-002,CO,CO-LICENSE-02,CONCENTRATE,2026-08-20T12:00:00Z,COLLECTED@2026-08-20T12:00:00Z|TRANSFERRED@2026-08-20T14:00:00Z|RECEIVED@2026-08-20T16:00:00Z,CO-2026.1,2027-09-01T00:00:00Z,CO-CANNABINOID-SAFETY,SC-CO-001/2026.1,0.05,0.10,ISO17025-CO-CANNABINOID-SAFETY,reviewer-co,e2a60c4651fc24b23cab4bd5091479cb3a1d5c91d6f1968a1b3c75bc66f58ffd,true
SC-003,SC-SAMPLE-003,SC-COA-003,MI,MI-LICENSE-03,EDIBLE,2026-08-20T12:00:00Z,COLLECTED@2026-08-20T12:00:00Z|TRANSFERRED@2026-08-20T14:00:00Z|RECEIVED@2026-08-20T16:00:00Z,MI-2026.1,2027-09-01T00:00:00Z,MI-CANNABINOID-SAFETY,SC-MI-001/2026.1,0.20,0.40,ISO17025-MI-CANNABINOID-SAFETY,reviewer-mi,e98706bc334858af95a53dfc00136432416cb35ab4b211dfe5c424ae641986ce,true
SC-004,SC-SAMPLE-004,SC-COA-004,MD,MD-LICENSE-04,VAPE,2026-08-20T12:00:00Z,COLLECTED@2026-08-20T12:00:00Z|TRANSFERRED@2026-08-20T14:00:00Z|RECEIVED@2026-08-20T16:00:00Z,MD-2026.1,2027-09-01T00:00:00Z,MD-CANNABINOID-SAFETY,SC-MD-001/2026.1,0.08,0.16,ISO17025-MD-CANNABINOID-SAFETY,reviewer-md,f115338bc65580e337d53b0d8d324da253cdf45dfbdc1ebb5c0b73eab8d0ca23,true
SC-005,SC-SAMPLE-005,SC-COA-005,OR,OR-LICENSE-05,FLOWER,2026-08-20T12:00:00Z,COLLECTED@2026-08-20T12:00:00Z|TRANSFERRED@2026-08-20T14:00:00Z|RECEIVED@2026-08-20T16:00:00Z,OR-2026.1,2027-09-01T00:00:00Z,OR-CANNABINOID-SAFETY,SC-OR-001/2026.1,0.12,0.24,ISO17025-OR-CANNABINOID-SAFETY,reviewer-or,51d7df0784268d07c3dd7636a04296598277724c3a06ed61f50b688324a75802,true
SC-006,SC-SAMPLE-006,SC-COA-006,CA,CA-LICENSE-06,FLOWER,2026-08-20T12:00:00Z,COLLECTED@2026-08-20T12:00:00Z|TRANSFERRED@2026-08-20T14:00:00Z|RECEIVED@2026-08-20T16:00:00Z,CA-2026.1,2027-09-01T00:00:00Z,CA-CANNABINOID-SAFETY,SC-CA-001/2026.1,0.10,0.20,ISO17025-CA-CANNABINOID-SAFETY,reviewer-ca,9c3c4ebe421753a2b5eb2bd67df62e866b932aa2414a5831853d6d98d8b92ede,true
SC-007,SC-SAMPLE-007,SC-COA-007,CO,CO-LICENSE-07,CONCENTRATE,2026-08-20T12:00:00Z,COLLECTED@2026-08-20T12:00:00Z|TRANSFERRED@2026-08-20T14:00:00Z|RECEIVED@2026-08-20T16:00:00Z,CO-2026.1,2027-09-01T00:00:00Z,CO-CANNABINOID-SAFETY,SC-CO-001/2026.1,0.05,0.10,ISO17025-CO-CANNABINOID-SAFETY,reviewer-co,68b8f01ee2003e8b85b1d78ad93dab9bbb961374214fb38bd8407c8b8772b571,true
SC-008,SC-SAMPLE-008,SC-COA-008,MI,MI-LICENSE-08,EDIBLE,2026-08-20T12:00:00Z,COLLECTED@2026-08-20T12:00:00Z|TRANSFERRED@2026-08-20T14:00:00Z|RECEIVED@2026-08-20T16:00:00Z,MI-2026.1,2027-09-01T00:00:00Z,MI-CANNABINOID-SAFETY,SC-MI-001/2026.1,0.20,0.40,ISO17025-MI-CANNABINOID-SAFETY,reviewer-mi,4aa3e40cd16c90a1c181b257ccdf5838545ab3052b07404bc9fba0a0d0e6f38e,true
SC-009,SC-SAMPLE-009,SC-COA-009,MD,MD-LICENSE-09,VAPE,2026-08-20T12:00:00Z,COLLECTED@2026-08-20T12:00:00Z|TRANSFERRED@2026-08-20T14:00:00Z|RECEIVED@2026-08-20T16:00:00Z,MD-2026.1,2027-09-01T00:00:00Z,MD-CANNABINOID-SAFETY,SC-MD-001/2026.1,0.08,0.16,ISO17025-MD-CANNABINOID-SAFETY,reviewer-md,e0f38af5dc6bcb01b37c182afec2eab57476c80d339b984004176950d2785d36,true
SC-010,SC-SAMPLE-010,SC-COA-010,OR,OR-LICENSE-10,FLOWER,2026-08-20T12:00:00Z,COLLECTED@2026-08-20T12:00:00Z|TRANSFERRED@2026-08-20T14:00:00Z|RECEIVED@2026-08-20T16:00:00Z,OR-2026.1,2027-09-01T00:00:00Z,OR-CANNABINOID-SAFETY,SC-OR-001/2026.1,0.12,0.24,ISO17025-OR-CANNABINOID-SAFETY,reviewer-or,6ecdbeddbabf41e7e824fffc883f3b78b006548a6d660501fbf5505e51dedf9e,true
SC-011,SC-SAMPLE-011,SC-COA-011,CA,CA-LICENSE-11,FLOWER,2026-08-20T12:00:00Z,COLLECTED@2026-08-20T12:00:00Z|TRANSFERRED@2026-08-20T14:00:00Z|RECEIVED@2026-08-20T16:00:00Z,CA-2026.1,2027-09-01T00:00:00Z,CA-CANNABINOID-SAFETY,SC-CA-001/2026.1,0.10,0.20,ISO17025-CA-CANNABINOID-SAFETY,reviewer-ca,b7b226f32298666b5045ed08fad5633bd3f0ed631943eeaac23aac59d4865d74,true
SC-012,SC-SAMPLE-012,SC-COA-012,CO,CO-LICENSE-12,CONCENTRATE,2026-08-20T12:00:00Z,COLLECTED@2026-08-20T12:00:00Z|TRANSFERRED@2026-08-20T14:00:00Z|RECEIVED@2026-08-20T16:00:00Z,CO-2026.1,2027-09-01T00:00:00Z,CO-CANNABINOID-SAFETY,SC-CO-001/2026.1,0.05,0.10,ISO17025-CO-CANNABINOID-SAFETY,reviewer-co,219d40cf01a9e0cf700b051fdef73ea5479be9077b95a88beb14119cc48e5f88,true
SC-013,SC-SAMPLE-013,SC-COA-013,MI,MI-LICENSE-13,EDIBLE,2026-08-20T12:00:00Z,COLLECTED@2026-08-20T12:00:00Z|TRANSFERRED@2026-08-20T14:00:00Z|RECEIVED@2026-08-20T16:00:00Z,MI-2026.1,2027-09-01T00:00:00Z,MI-CANNABINOID-SAFETY,SC-MI-001/2026.1,0.20,0.40,ISO17025-MI-CANNABINOID-SAFETY,reviewer-mi,9fbef3b0547cd3da8febd4454e312dd41580853fa24ae8b22b654e0e08d55012,true
SC-014,SC-SAMPLE-014,SC-COA-014,MD,MD-LICENSE-14,VAPE,2026-08-20T12:00:00Z,COLLECTED@2026-08-20T12:00:00Z|TRANSFERRED@2026-08-20T14:00:00Z|RECEIVED@2026-08-20T16:00:00Z,MD-2026.1,2027-09-01T00:00:00Z,MD-CANNABINOID-SAFETY,SC-MD-001/2026.1,0.08,0.16,ISO17025-MD-CANNABINOID-SAFETY,reviewer-md,b4de8b9f9111e0c329207de72bb4e60a11977045a1eb011d9289d048d28911b4,true
SC-015,SC-SAMPLE-015,SC-COA-015,OR,OR-LICENSE-15,FLOWER,2026-08-20T12:00:00Z,COLLECTED@2026-08-20T12:00:00Z|TRANSFERRED@2026-08-20T14:00:00Z|RECEIVED@2026-08-20T16:00:00Z,OR-2026.1,2027-09-01T00:00:00Z,OR-CANNABINOID-SAFETY,SC-OR-001/2026.1,0.12,0.24,ISO17025-OR-CANNABINOID-SAFETY,reviewer-or,5f5759c13122c81d3e6abc445bf982533e4624f25088101250d36f2283166005,true
SC-016,SC-SAMPLE-016,SC-COA-016,CA,CA-LICENSE-16,FLOWER,2026-08-20T12:00:00Z,COLLECTED@2026-08-20T12:00:00Z|TRANSFERRED@2026-08-20T14:00:00Z|RECEIVED@2026-08-20T16:00:00Z,CA-2026.1,2027-09-01T00:00:00Z,CA-CANNABINOID-SAFETY,SC-CA-001/2026.1,0.10,0.20,ISO17025-CA-CANNABINOID-SAFETY,reviewer-ca,096e9a26b30382bbe2f75e0608b412cd01727eb612725602e55c95423e9fbf4b,true
SC-017,SC-SAMPLE-017,SC-COA-017,CO,CO-LICENSE-17,CONCENTRATE,2026-08-20T12:00:00Z,COLLECTED@2026-08-20T12:00:00Z|TRANSFERRED@2026-08-20T14:00:00Z|RECEIVED@2026-08-20T16:00:00Z,CO-2026.1,2027-09-01T00:00:00Z,CO-CANNABINOID-SAFETY,SC-CO-001/2026.1,0.05,0.10,ISO17025-CO-CANNABINOID-SAFETY,reviewer-co,aa3b59c0af0ac08dba645078629f197538d3d619256a2c06c7fd39f9a8a709e8,true
SC-018,SC-SAMPLE-018,SC-COA-018,MI,MI-LICENSE-18,EDIBLE,2026-08-20T12:00:00Z,COLLECTED@2026-08-20T12:00:00Z|TRANSFERRED@2026-08-20T14:00:00Z|RECEIVED@2026-08-20T16:00:00Z,MI-2026.1,2027-09-01T00:00:00Z,MI-CANNABINOID-SAFETY,SC-MI-001/2026.1,0.20,0.40,ISO17025-MI-CANNABINOID-SAFETY,reviewer-mi,201a2c086f965b186873e99f9ff48888fd83c99369de86a3130c1915e6be2078,true
SC-019,SC-SAMPLE-019,SC-COA-019,MD,MD-LICENSE-19,VAPE,2026-08-20T12:00:00Z,COLLECTED@2026-08-20T12:00:00Z|TRANSFERRED@2026-08-20T14:00:00Z|RECEIVED@2026-08-20T16:00:00Z,MD-2026.1,2027-09-01T00:00:00Z,MD-CANNABINOID-SAFETY,SC-MD-001/2026.1,0.08,0.16,ISO17025-MD-CANNABINOID-SAFETY,reviewer-md,185bc53402050c92760a3d2bfa6441b97374615276edb4b111c055ec718bd226,true
SC-020,SC-SAMPLE-020,SC-COA-020,OR,OR-LICENSE-20,FLOWER,2026-08-20T12:00:00Z,COLLECTED@2026-08-20T12:00:00Z|TRANSFERRED@2026-08-20T14:00:00Z|RECEIVED@2026-08-20T16:00:00Z,OR-2026.1,2027-09-01T00:00:00Z,OR-CANNABINOID-SAFETY,SC-OR-001/2026.1,0.12,0.24,ISO17025-OR-CANNABINOID-SAFETY,reviewer-or,1289edaf921de1d9d01247a25cb896232d3563f2649c14e2f6430eeebd0b6339,true
SC-021,SC-SAMPLE-021,SC-COA-021,CA,CA-LICENSE-21,FLOWER,2026-08-20T12:00:00Z,COLLECTED@2026-08-20T12:00:00Z|TRANSFERRED@2026-08-20T14:00:00Z|RECEIVED@2026-08-20T16:00:00Z,CA-2026.1,2027-09-01T00:00:00Z,CA-CANNABINOID-SAFETY,SC-CA-001/2026.1,0.10,0.20,ISO17025-CA-CANNABINOID-SAFETY,reviewer-ca,89853d30cdbb0781df615eccfdd907b38f626c069923473e4dd24a0add9b87e2,true
SC-022,SC-SAMPLE-022,SC-COA-022,CO,CO-LICENSE-22,CONCENTRATE,2026-08-20T12:00:00Z,COLLECTED@2026-08-20T12:00:00Z|TRANSFERRED@2026-08-20T14:00:00Z|RECEIVED@2026-08-20T16:00:00Z,CO-2026.1,2027-09-01T00:00:00Z,CO-CANNABINOID-SAFETY,SC-CO-001/2026.1,0.05,0.10,ISO17025-CO-CANNABINOID-SAFETY,reviewer-co,e8eb82561fda1f7e86d6afd5cd48f5c0f4520be7cf02241dc4e4365d57aa307f,true
SC-023,SC-SAMPLE-023,SC-COA-023,MI,MI-LICENSE-23,EDIBLE,2026-08-20T12:00:00Z,COLLECTED@2026-08-20T12:00:00Z|TRANSFERRED@2026-08-20T14:00:00Z|RECEIVED@2026-08-20T16:00:00Z,MI-2026.1,2027-09-01T00:00:00Z,MI-CANNABINOID-SAFETY,SC-MI-001/2026.1,0.20,0.40,ISO17025-MI-CANNABINOID-SAFETY,reviewer-mi,122e4c4f13c3913b3ae67d33416329b6448279230c0e78c6de991adc01de868d,true
SC-024,SC-SAMPLE-024,SC-COA-024,MD,MD-LICENSE-24,VAPE,2026-08-20T12:00:00Z,COLLECTED@2026-08-20T12:00:00Z|TRANSFERRED@2026-08-20T14:00:00Z|RECEIVED@2026-08-20T16:00:00Z,MD-2026.1,2027-09-01T00:00:00Z,MD-CANNABINOID-SAFETY,SC-MD-001/2026.1,0.08,0.16,ISO17025-MD-CANNABINOID-SAFETY,reviewer-md,b95d5072bb30482700862102f482f9b649f60ade4da96d31cf157be69a4b17e0,true
SC-025,SC-SAMPLE-025,SC-COA-025,OR,OR-LICENSE-01,FLOWER,2026-08-20T12:00:00Z,COLLECTED@2026-08-20T12:00:00Z|TRANSFERRED@2026-08-20T14:00:00Z|RECEIVED@2026-08-20T16:00:00Z,OR-2026.1,2027-09-01T00:00:00Z,OR-CANNABINOID-SAFETY,SC-OR-001/2026.1,0.12,0.24,ISO17025-OR-CANNABINOID-SAFETY,reviewer-or,36f832a4cf65aa379199dd703a17ffabdf2e9c015c08e1e09769745f4f2db04c,true
SC-026,SC-SAMPLE-026,SC-COA-026,CA,CA-LICENSE-02,FLOWER,2026-08-20T12:00:00Z,COLLECTED@2026-08-20T12:00:00Z|TRANSFERRED@2026-08-20T14:00:00Z|RECEIVED@2026-08-20T16:00:00Z,CA-2026.1,2027-09-01T00:00:00Z,CA-CANNABINOID-SAFETY,SC-CA-001/2026.1,0.10,0.20,ISO17025-CA-CANNABINOID-SAFETY,reviewer-ca,4cc4921343a65bbd41c04e5613e822e43a07f8f8face35e9548eee6b01a3598c,true
SC-027,SC-SAMPLE-027,SC-COA-027,CO,CO-LICENSE-03,CONCENTRATE,2026-08-20T12:00:00Z,COLLECTED@2026-08-20T12:00:00Z|TRANSFERRED@2026-08-20T14:00:00Z|RECEIVED@2026-08-20T16:00:00Z,CO-2026.1,2027-09-01T00:00:00Z,CO-CANNABINOID-SAFETY,SC-CO-001/2026.1,0.05,0.10,ISO17025-CO-CANNABINOID-SAFETY,reviewer-co,d35c8ebaa8dfdb2cf84e3f6ea20ff8aa3092a84d9b2df84cace8604f7aaf0e6f,true
SC-028,SC-SAMPLE-028,SC-COA-028,MI,MI-LICENSE-04,EDIBLE,2026-08-20T12:00:00Z,COLLECTED@2026-08-20T12:00:00Z|TRANSFERRED@2026-08-20T14:00:00Z|RECEIVED@2026-08-20T16:00:00Z,MI-2026.1,2027-09-01T00:00:00Z,MI-CANNABINOID-SAFETY,SC-MI-001/2026.1,0.20,0.40,ISO17025-MI-CANNABINOID-SAFETY,reviewer-mi,c00e1565cec11dd3813dc78ee0d867d8bac55bd36dcae43540ec0b5ba1383021,true
SC-029,SC-SAMPLE-029,SC-COA-029,MD,MD-LICENSE-05,VAPE,2026-08-20T12:00:00Z,COLLECTED@2026-08-20T12:00:00Z|TRANSFERRED@2026-08-20T14:00:00Z|RECEIVED@2026-08-20T16:00:00Z,MD-2026.1,2027-09-01T00:00:00Z,MD-CANNABINOID-SAFETY,SC-MD-001/2026.1,0.08,0.16,ISO17025-MD-CANNABINOID-SAFETY,reviewer-md,1917a7df013122ead52aba609a961392f2228538c0dbd84e987c31eaf5042e00,true
SC-030,SC-SAMPLE-030,SC-COA-030,OR,OR-LICENSE-06,FLOWER,2026-08-20T12:00:00Z,COLLECTED@2026-08-20T12:00:00Z|TRANSFERRED@2026-08-20T14:00:00Z|RECEIVED@2026-08-20T16:00:00Z,OR-2026.1,2027-09-01T00:00:00Z,OR-CANNABINOID-SAFETY,SC-OR-001/2026.1,0.12,0.24,ISO17025-OR-CANNABINOID-SAFETY,reviewer-or,5ae8b9480310c17e905e7127a05efaebab8465b5c938605ff735bccc3cb77fec,true
SC-031,SC-SAMPLE-031,SC-COA-031,CA,CA-LICENSE-07,FLOWER,2026-08-20T12:00:00Z,COLLECTED@2026-08-20T12:00:00Z|TRANSFERRED@2026-08-20T14:00:00Z|RECEIVED@2026-08-20T16:00:00Z,CA-2026.1,2027-09-01T00:00:00Z,CA-CANNABINOID-SAFETY,SC-CA-001/2026.1,0.10,0.20,ISO17025-CA-CANNABINOID-SAFETY,reviewer-ca,bf8d5f5f820d920376984b7a388c804ab2fab16d310215b8cf4badb9f74221cc,true
SC-032,SC-SAMPLE-032,SC-COA-032,CO,CO-LICENSE-08,CONCENTRATE,2026-08-20T12:00:00Z,COLLECTED@2026-08-20T12:00:00Z|TRANSFERRED@2026-08-20T14:00:00Z|RECEIVED@2026-08-20T16:00:00Z,CO-2026.1,2027-09-01T00:00:00Z,CO-CANNABINOID-SAFETY,SC-CO-001/2026.1,0.05,0.10,ISO17025-CO-CANNABINOID-SAFETY,reviewer-co,5b6a82a95696089b132ecd9e83c0e47adc4e4b83244b06154d3f516732772966,true
SC-033,SC-SAMPLE-033,SC-COA-033,MI,MI-LICENSE-09,EDIBLE,2026-08-20T12:00:00Z,COLLECTED@2026-08-20T12:00:00Z|TRANSFERRED@2026-08-20T14:00:00Z|RECEIVED@2026-08-20T16:00:00Z,MI-2026.1,2027-09-01T00:00:00Z,MI-CANNABINOID-SAFETY,SC-MI-001/2026.1,0.20,0.40,ISO17025-MI-CANNABINOID-SAFETY,reviewer-mi,d5ddb6ee195a9e9bcc066add27b011d67381c152f5b5bec6f13a7efafaef7287,true
SC-034,SC-SAMPLE-034,SC-COA-034,MD,MD-LICENSE-10,VAPE,2026-08-20T12:00:00Z,COLLECTED@2026-08-20T12:00:00Z|TRANSFERRED@2026-08-20T14:00:00Z|RECEIVED@2026-08-20T16:00:00Z,MD-2026.1,2027-09-01T00:00:00Z,MD-CANNABINOID-SAFETY,SC-MD-001/2026.1,0.08,0.16,ISO17025-MD-CANNABINOID-SAFETY,reviewer-md,e6e3338a54fbf618b19f76cd28f2fd168495e5507aa623b883d11dafd0a632e2,true
SC-035,SC-SAMPLE-035,SC-COA-035,OR,OR-LICENSE-11,FLOWER,2026-08-20T12:00:00Z,COLLECTED@2026-08-20T12:00:00Z|TRANSFERRED@2026-08-20T14:00:00Z|RECEIVED@2026-08-20T16:00:00Z,OR-2026.1,2027-09-01T00:00:00Z,OR-CANNABINOID-SAFETY,SC-OR-001/2026.1,0.12,0.24,ISO17025-OR-CANNABINOID-SAFETY,reviewer-or,29da7ac30e08805a0eed661e2950e396320008a51900d8a1458857ac14d6783d,true
SC-036,SC-SAMPLE-036,SC-COA-036,CA,CA-LICENSE-12,FLOWER,2026-08-20T12:00:00Z,COLLECTED@2026-08-20T12:00:00Z|TRANSFERRED@2026-08-20T14:00:00Z|RECEIVED@2026-08-20T16:00:00Z,CA-2026.1,2027-09-01T00:00:00Z,CA-CANNABINOID-SAFETY,SC-CA-001/2026.1,0.10,0.20,ISO17025-CA-CANNABINOID-SAFETY,reviewer-ca,2a4e95539c2d3618ae799ae450cb5271f1d5245c25640d8159af769f7bab2cf9,true
SC-037,SC-SAMPLE-037,SC-COA-037,CO,CO-LICENSE-13,CONCENTRATE,2026-08-20T12:00:00Z,COLLECTED@2026-08-20T12:00:00Z|TRANSFERRED@2026-08-20T14:00:00Z|RECEIVED@2026-08-20T16:00:00Z,CO-2026.1,2027-09-01T00:00:00Z,CO-CANNABINOID-SAFETY,SC-CO-001/2026.1,0.05,0.10,ISO17025-CO-CANNABINOID-SAFETY,reviewer-co,32ba2a71c1cc4a48cc5d8d7511c44e8d382fbad2b7ba790a7515e0bab3bdc06a,true
SC-038,SC-SAMPLE-038,SC-COA-038,MI,MI-LICENSE-14,EDIBLE,2026-08-20T12:00:00Z,COLLECTED@2026-08-20T12:00:00Z|TRANSFERRED@2026-08-20T14:00:00Z|RECEIVED@2026-08-20T16:00:00Z,MI-2026.1,2027-09-01T00:00:00Z,MI-CANNABINOID-SAFETY,SC-MI-001/2026.1,0.20,0.40,ISO17025-MI-CANNABINOID-SAFETY,reviewer-mi,69618ed15c1156b557da27932c4d793224c9ec416f740c82f82884ec0fa83e76,true
SC-039,SC-SAMPLE-039,SC-COA-039,MD,MD-LICENSE-15,VAPE,2026-08-20T12:00:00Z,COLLECTED@2026-08-20T12:00:00Z|TRANSFERRED@2026-08-20T14:00:00Z|RECEIVED@2026-08-20T16:00:00Z,MD-2026.1,2027-09-01T00:00:00Z,MD-CANNABINOID-SAFETY,SC-MD-001/2026.1,0.08,0.16,ISO17025-MD-CANNABINOID-SAFETY,reviewer-md,6ffc93bde23497541c4ef3c9899a3007eb16fa5dd3a121932cfcfdc0b8466d80,true
SC-040,SC-SAMPLE-040,SC-COA-040,OR,OR-LICENSE-16,FLOWER,2026-08-20T12:00:00Z,COLLECTED@2026-08-20T12:00:00Z|TRANSFERRED@2026-08-20T14:00:00Z|RECEIVED@2026-08-20T16:00:00Z,OR-2026.1,2027-09-01T00:00:00Z,OR-CANNABINOID-SAFETY,SC-OR-001/2026.1,0.12,0.24,ISO17025-OR-CANNABINOID-SAFETY,reviewer-or,226e5397e7b557bce0406354d6ae4d67e76ad72bbadae5eb638367f3f5de22ec,true
SC-041,SC-SAMPLE-041,SC-COA-041,CA,CA-LICENSE-17,FLOWER,2026-08-20T12:00:00Z,COLLECTED@2026-08-20T12:00:00Z|TRANSFERRED@2026-08-20T14:00:00Z|RECEIVED@2026-08-20T16:00:00Z,CA-2026.1,2027-09-01T00:00:00Z,CA-CANNABINOID-SAFETY,SC-CA-001/2026.1,0.10,0.20,ISO17025-CA-CANNABINOID-SAFETY,reviewer-ca,35fc343a373a2151f64317b7a32119fe14b0f22a26d1c1762611c20e083b6cab,true
SC-042,SC-SAMPLE-042,SC-COA-042,CO,CO-LICENSE-18,CONCENTRATE,2026-08-20T12:00:00Z,COLLECTED@2026-08-20T12:00:00Z|TRANSFERRED@2026-08-20T14:00:00Z|RECEIVED@2026-08-20T16:00:00Z,CO-2026.1,2027-09-01T00:00:00Z,CO-CANNABINOID-SAFETY,SC-CO-001/2026.1,0.05,0.10,ISO17025-CO-CANNABINOID-SAFETY,reviewer-co,3ba7e26e35bd7d285a469eabbe0a2114458f551ae8f8dbf12c7088b052814744,true
SC-043,SC-SAMPLE-043,SC-COA-043,MI,MI-LICENSE-19,EDIBLE,2026-08-20T12:00:00Z,COLLECTED@2026-08-20T12:00:00Z|TRANSFERRED@2026-08-20T14:00:00Z|RECEIVED@2026-08-20T16:00:00Z,MI-2026.1,2027-09-01T00:00:00Z,MI-CANNABINOID-SAFETY,SC-MI-001/2026.1,0.20,0.40,ISO17025-MI-CANNABINOID-SAFETY,reviewer-mi,40ca2dccc692ddce5fb8a928d8f635a36da2c50d9f085fc3054e1ecffd5fe06e,true
SC-044,SC-SAMPLE-044,SC-COA-044,MD,MD-LICENSE-20,VAPE,2026-08-20T12:00:00Z,COLLECTED@2026-08-20T12:00:00Z|TRANSFERRED@2026-08-20T14:00:00Z|RECEIVED@2026-08-20T16:00:00Z,MD-2026.1,2027-09-01T00:00:00Z,MD-CANNABINOID-SAFETY,SC-MD-001/2026.1,0.08,0.16,ISO17025-MD-CANNABINOID-SAFETY,reviewer-md,61918a6c73477baf0d261d32f9229da53424fa3d2f5d6011beb4782b77eac451,true
SC-045,SC-SAMPLE-045,SC-COA-045,OR,OR-LICENSE-21,FLOWER,2026-08-20T12:00:00Z,COLLECTED@2026-08-20T12:00:00Z|TRANSFERRED@2026-08-20T14:00:00Z|RECEIVED@2026-08-20T16:00:00Z,OR-2026.1,2027-09-01T00:00:00Z,OR-CANNABINOID-SAFETY,SC-OR-001/2026.1,0.12,0.24,ISO17025-OR-CANNABINOID-SAFETY,reviewer-or,1edd21b67b4abae206d4d95c99c2aff4503092dca67383a43a67af0af93df55b,true
SC-046,SC-SAMPLE-046,SC-COA-046,CA,CA-LICENSE-22,FLOWER,2026-08-20T12:00:00Z,COLLECTED@2026-08-20T12:00:00Z|TRANSFERRED@2026-08-20T14:00:00Z|RECEIVED@2026-08-20T16:00:00Z,CA-2026.1,2027-09-01T00:00:00Z,CA-CANNABINOID-SAFETY,SC-CA-001/2026.1,0.10,0.20,ISO17025-CA-CANNABINOID-SAFETY,reviewer-ca,8b6192a850273f40969d0c24fe2625146644e3098474f2d02c5c540aaabc08cf,true
SC-047,SC-SAMPLE-047,SC-COA-047,CO,CO-LICENSE-23,CONCENTRATE,2026-08-20T12:00:00Z,COLLECTED@2026-08-20T12:00:00Z|TRANSFERRED@2026-08-20T14:00:00Z|RECEIVED@2026-08-20T16:00:00Z,CO-2026.1,2027-09-01T00:00:00Z,CO-CANNABINOID-SAFETY,SC-CO-001/2026.1,0.05,0.10,ISO17025-CO-CANNABINOID-SAFETY,reviewer-co,1f3e8bc53f1426a16c53164a401ad900206246e61af66892ba9cfa80e907317b,true
SC-048,SC-SAMPLE-048,SC-COA-048,MI,MI-LICENSE-24,EDIBLE,2026-08-20T12:00:00Z,COLLECTED@2026-08-20T12:00:00Z|TRANSFERRED@2026-08-20T14:00:00Z|RECEIVED@2026-08-20T16:00:00Z,MI-2026.1,2027-09-01T00:00:00Z,MI-CANNABINOID-SAFETY,SC-MI-001/2026.1,0.20,0.40,ISO17025-MI-CANNABINOID-SAFETY,reviewer-mi,08b26257d66ba10b0ebed64e195f8e1af843c91fecd45f060304c58d67cb0cc6,true
SC-049,SC-SAMPLE-049,SC-COA-049,MD,MD-LICENSE-01,VAPE,2026-08-20T12:00:00Z,COLLECTED@2026-08-20T12:00:00Z|TRANSFERRED@2026-08-20T14:00:00Z|RECEIVED@2026-08-20T16:00:00Z,MD-2026.1,2027-09-01T00:00:00Z,MD-CANNABINOID-SAFETY,SC-MD-001/2026.1,0.08,0.16,ISO17025-MD-CANNABINOID-SAFETY,reviewer-md,c530fb6f971c379e029e9592061d0cbd7a1006c58324239a489a1a79ab954ae0,true
SC-050,SC-SAMPLE-050,SC-COA-050,OR,OR-LICENSE-02,FLOWER,2026-08-20T12:00:00Z,COLLECTED@2026-08-20T12:00:00Z|TRANSFERRED@2026-08-20T14:00:00Z|RECEIVED@2026-08-20T16:00:00Z,OR-2026.1,2027-09-01T00:00:00Z,OR-CANNABINOID-SAFETY,SC-OR-001/2026.1,0.12,0.24,ISO17025-OR-CANNABINOID-SAFETY,reviewer-or,97038891333631ec389834a617a944d3ab8fdd756bc9cc6e5a78c1f7447f95e9,true
SC-051,SC-SAMPLE-051,SC-COA-051,CA,CA-LICENSE-03,FLOWER,2026-08-20T12:00:00Z,COLLECTED@2026-08-20T12:00:00Z|TRANSFERRED@2026-08-20T14:00:00Z|RECEIVED@2026-08-20T16:00:00Z,CA-2026.1,2027-09-01T00:00:00Z,CA-CANNABINOID-SAFETY,SC-CA-001/2026.1,0.10,0.20,ISO17025-CA-CANNABINOID-SAFETY,reviewer-ca,2efee2adf9b53e05b5e7e3b7f4d45945c76f31eb23723f7ddf56a8e9e5f57f55,true
SC-052,SC-SAMPLE-052,SC-COA-052,CO,CO-LICENSE-04,CONCENTRATE,2026-08-20T12:00:00Z,COLLECTED@2026-08-20T12:00:00Z|TRANSFERRED@2026-08-20T14:00:00Z|RECEIVED@2026-08-20T16:00:00Z,CO-2026.1,2027-09-01T00:00:00Z,CO-CANNABINOID-SAFETY,SC-CO-001/2026.1,0.05,0.10,ISO17025-CO-CANNABINOID-SAFETY,reviewer-co,f6273ec92db00731a0e693a895a55001cd97433662d5264ad9e477cbc7050815,true
SC-053,SC-SAMPLE-053,SC-COA-053,MI,MI-LICENSE-05,EDIBLE,2026-08-20T12:00:00Z,COLLECTED@2026-08-20T12:00:00Z|TRANSFERRED@2026-08-20T14:00:00Z|RECEIVED@2026-08-20T16:00:00Z,MI-2026.1,2027-09-01T00:00:00Z,MI-CANNABINOID-SAFETY,SC-MI-001/2026.1,0.20,0.40,ISO17025-MI-CANNABINOID-SAFETY,reviewer-mi,8454bc48c7cfe03633d59a54247d73fd3101b023d45a37a8b54665154d2cc8a0,true
SC-054,SC-SAMPLE-054,SC-COA-054,MD,MD-LICENSE-06,VAPE,2026-08-20T12:00:00Z,COLLECTED@2026-08-20T12:00:00Z|TRANSFERRED@2026-08-20T14:00:00Z|RECEIVED@2026-08-20T16:00:00Z,MD-2026.1,2027-09-01T00:00:00Z,MD-CANNABINOID-SAFETY,SC-MD-001/2026.1,0.08,0.16,ISO17025-MD-CANNABINOID-SAFETY,reviewer-md,ab631b2edcbc2e1cfed2d9d7898b3bc5630c90097700d0e4e29bbe3ac2d91703,true
SC-055,SC-SAMPLE-055,SC-COA-055,OR,OR-LICENSE-07,FLOWER,2026-08-20T12:00:00Z,COLLECTED@2026-08-20T12:00:00Z|TRANSFERRED@2026-08-20T14:00:00Z|RECEIVED@2026-08-20T16:00:00Z,OR-2026.1,2027-09-01T00:00:00Z,OR-CANNABINOID-SAFETY,SC-OR-001/2026.1,0.12,0.24,ISO17025-OR-CANNABINOID-SAFETY,reviewer-or,56af9ee1d27b2d5a96b2cb37b26bc0d9a10ce0eca9233f98dac4bcb3ab0253b7,true
SC-056,SC-SAMPLE-056,SC-COA-056,CA,CA-LICENSE-08,FLOWER,2026-08-20T12:00:00Z,COLLECTED@2026-08-20T12:00:00Z|TRANSFERRED@2026-08-20T14:00:00Z|RECEIVED@2026-08-20T16:00:00Z,CA-2026.1,2027-09-01T00:00:00Z,CA-CANNABINOID-SAFETY,SC-CA-001/2026.1,0.10,0.20,ISO17025-CA-CANNABINOID-SAFETY,reviewer-ca,642979179dd0f5ab28f02482c0e2c5fbe9d4b48da093efac1f41c7aac89d78c5,true
SC-057,SC-SAMPLE-057,SC-COA-057,CO,CO-LICENSE-09,CONCENTRATE,2026-08-20T12:00:00Z,COLLECTED@2026-08-20T12:00:00Z|TRANSFERRED@2026-08-20T14:00:00Z|RECEIVED@2026-08-20T16:00:00Z,CO-2026.1,2027-09-01T00:00:00Z,CO-CANNABINOID-SAFETY,SC-CO-001/2026.1,0.05,0.10,ISO17025-CO-CANNABINOID-SAFETY,reviewer-co,f050e3f8ea6e20178c706360a05ec897ac30c13fd455d89fa2d03fd39ba45bd4,true
SC-058,SC-SAMPLE-058,SC-COA-058,MI,MI-LICENSE-10,EDIBLE,2026-08-20T12:00:00Z,COLLECTED@2026-08-20T12:00:00Z|TRANSFERRED@2026-08-20T14:00:00Z|RECEIVED@2026-08-20T16:00:00Z,MI-2026.1,2027-09-01T00:00:00Z,MI-CANNABINOID-SAFETY,SC-MI-001/2026.1,0.20,0.40,ISO17025-MI-CANNABINOID-SAFETY,reviewer-mi,ea2ba3ec74f4a51ae8dbb0ac97636f43026421b8e30910874a8dcebf2d94480c,true
SC-059,SC-SAMPLE-059,SC-COA-059,MD,MD-LICENSE-11,VAPE,2026-08-20T12:00:00Z,COLLECTED@2026-08-20T12:00:00Z|TRANSFERRED@2026-08-20T14:00:00Z|RECEIVED@2026-08-20T16:00:00Z,MD-2026.1,2027-09-01T00:00:00Z,MD-CANNABINOID-SAFETY,SC-MD-001/2026.1,0.08,0.16,ISO17025-MD-CANNABINOID-SAFETY,reviewer-md,dbf01ace2f0277961039b990e3086191c9228b39344271a94034ebdfafbe7eb5,true
SC-060,SC-SAMPLE-060,SC-COA-060,OR,OR-LICENSE-12,FLOWER,2026-08-20T12:00:00Z,COLLECTED@2026-08-20T12:00:00Z|TRANSFERRED@2026-08-20T14:00:00Z|RECEIVED@2026-08-20T16:00:00Z,OR-2026.1,2027-09-01T00:00:00Z,OR-CANNABINOID-SAFETY,SC-OR-001/2026.1,0.12,0.24,ISO17025-OR-CANNABINOID-SAFETY,reviewer-or,fd037d2ba0596e16209562e61490e9e756db10c3dea14926334ebe82ddd374e4,true
SC-061,SC-SAMPLE-061,SC-COA-061,CA,CA-LICENSE-13,FLOWER,2026-08-20T12:00:00Z,COLLECTED@2026-08-20T12:00:00Z|TRANSFERRED@2026-08-20T14:00:00Z|RECEIVED@2026-08-20T16:00:00Z,CA-2026.1,2027-09-01T00:00:00Z,CA-CANNABINOID-SAFETY,SC-CA-001/2026.1,0.10,0.20,ISO17025-CA-CANNABINOID-SAFETY,reviewer-ca,db8c9e2d28506f315f37817169b80c00d2c38f18824d372e86721cc7ce8e6d87,true
SC-062,SC-SAMPLE-062,SC-COA-062,CO,CO-LICENSE-14,CONCENTRATE,2026-08-20T12:00:00Z,COLLECTED@2026-08-20T12:00:00Z|TRANSFERRED@2026-08-20T14:00:00Z|RECEIVED@2026-08-20T16:00:00Z,CO-2026.1,2027-09-01T00:00:00Z,CO-CANNABINOID-SAFETY,SC-CO-001/2026.1,0.05,0.10,ISO17025-CO-CANNABINOID-SAFETY,reviewer-co,f7c97f4bce9913739c9de30214b1af2e0a744fa34bf0e46b36b0da7ecb11b741,true
SC-063,SC-SAMPLE-063,SC-COA-063,MI,MI-LICENSE-15,EDIBLE,2026-08-20T12:00:00Z,COLLECTED@2026-08-20T12:00:00Z|TRANSFERRED@2026-08-20T14:00:00Z|RECEIVED@2026-08-20T16:00:00Z,MI-2026.1,2027-09-01T00:00:00Z,MI-CANNABINOID-SAFETY,SC-MI-001/2026.1,0.20,0.40,ISO17025-MI-CANNABINOID-SAFETY,reviewer-mi,eda263207e90018ef7a5ef8e5c614b4a12cd8f1252ceebfd3fef1834ba537712,true
SC-064,SC-SAMPLE-064,SC-COA-064,MD,MD-LICENSE-16,VAPE,2026-08-20T12:00:00Z,COLLECTED@2026-08-20T12:00:00Z|TRANSFERRED@2026-08-20T14:00:00Z|RECEIVED@2026-08-20T16:00:00Z,MD-2026.1,2027-09-01T00:00:00Z,MD-CANNABINOID-SAFETY,SC-MD-001/2026.1,0.08,0.16,ISO17025-MD-CANNABINOID-SAFETY,reviewer-md,10ba12ac6b2490d2f4e29d8c448b6b6d0305a2771632d2861fc208915b63e567,true
SC-065,SC-SAMPLE-065,SC-COA-065,OR,OR-LICENSE-17,FLOWER,2026-08-20T12:00:00Z,COLLECTED@2026-08-20T12:00:00Z|TRANSFERRED@2026-08-20T14:00:00Z|RECEIVED@2026-08-20T16:00:00Z,OR-2026.1,2027-09-01T00:00:00Z,OR-CANNABINOID-SAFETY,SC-OR-001/2026.1,0.12,0.24,ISO17025-OR-CANNABINOID-SAFETY,reviewer-or,a181660dab7fafa4c82c43f2ad37f5ccf4d53cde6505ec41942b3755e8afb16b,true
SC-066,SC-SAMPLE-066,SC-COA-066,CA,CA-LICENSE-18,FLOWER,2026-08-20T12:00:00Z,COLLECTED@2026-08-20T12:00:00Z|TRANSFERRED@2026-08-20T14:00:00Z|RECEIVED@2026-08-20T16:00:00Z,CA-2026.1,2027-09-01T00:00:00Z,CA-CANNABINOID-SAFETY,SC-CA-001/2026.1,0.10,0.20,ISO17025-CA-CANNABINOID-SAFETY,reviewer-ca,dd767c5aa36a0031eb2ed28bf440092670a274b1b43efc42baf81ec3df8c58ab,true
SC-067,SC-SAMPLE-067,SC-COA-067,CO,CO-LICENSE-19,CONCENTRATE,2026-08-20T12:00:00Z,COLLECTED@2026-08-20T12:00:00Z|TRANSFERRED@2026-08-20T14:00:00Z|RECEIVED@2026-08-20T16:00:00Z,CO-2026.1,2027-09-01T00:00:00Z,CO-CANNABINOID-SAFETY,SC-CO-001/2026.1,0.05,0.10,ISO17025-CO-CANNABINOID-SAFETY,reviewer-co,5d8fc34b7287966619e88d053933239245987b594f4705af38242960aa17c5d5,true
SC-068,SC-SAMPLE-068,SC-COA-068,MI,MI-LICENSE-20,EDIBLE,2026-08-20T12:00:00Z,COLLECTED@2026-08-20T12:00:00Z|TRANSFERRED@2026-08-20T14:00:00Z|RECEIVED@2026-08-20T16:00:00Z,MI-2026.1,2027-09-01T00:00:00Z,MI-CANNABINOID-SAFETY,SC-MI-001/2026.1,0.20,0.40,ISO17025-MI-CANNABINOID-SAFETY,reviewer-mi,597053a39bc8e948eed93c0cf5d6faa93c3b1fbb08512e49b0645867508fd1fe,true
SC-069,SC-SAMPLE-069,SC-COA-069,MD,MD-LICENSE-21,VAPE,2026-08-20T12:00:00Z,COLLECTED@2026-08-20T12:00:00Z|TRANSFERRED@2026-08-20T14:00:00Z|RECEIVED@2026-08-20T16:00:00Z,MD-2026.1,2027-09-01T00:00:00Z,MD-CANNABINOID-SAFETY,SC-MD-001/2026.1,0.08,0.16,ISO17025-MD-CANNABINOID-SAFETY,reviewer-md,5085b61590d58b3b7eb5d458122d9ed9d5587e24fc1425b0dcad128ebce9d87c,true
SC-070,SC-SAMPLE-070,SC-COA-070,OR,OR-LICENSE-22,FLOWER,2026-08-20T12:00:00Z,COLLECTED@2026-08-20T12:00:00Z|TRANSFERRED@2026-08-20T14:00:00Z|RECEIVED@2026-08-20T16:00:00Z,OR-2026.1,2027-09-01T00:00:00Z,OR-CANNABINOID-SAFETY,SC-OR-001/2026.1,0.12,0.24,ISO17025-OR-CANNABINOID-SAFETY,reviewer-or,c30743b257cce2fb4f9441edf21d5fe699b81231e556c7a8c94e896fdd1436aa,true
SC-071,SC-SAMPLE-071,SC-COA-071,CA,CA-LICENSE-23,FLOWER,2026-08-20T12:00:00Z,COLLECTED@2026-08-20T12:00:00Z|TRANSFERRED@2026-08-20T14:00:00Z|RECEIVED@2026-08-20T16:00:00Z,CA-2026.1,2027-09-01T00:00:00Z,CA-CANNABINOID-SAFETY,SC-CA-001/2026.1,0.10,0.20,ISO17025-CA-CANNABINOID-SAFETY,reviewer-ca,5966356aa9b756287f4c403c326a5f82c80bf38880df0b4f86331914954dcb6d,true
SC-072,SC-SAMPLE-072,SC-COA-072,CO,CO-LICENSE-24,CONCENTRATE,2026-08-20T12:00:00Z,COLLECTED@2026-08-20T12:00:00Z|TRANSFERRED@2026-08-20T14:00:00Z|RECEIVED@2026-08-20T16:00:00Z,CO-2026.1,2027-09-01T00:00:00Z,CO-CANNABINOID-SAFETY,SC-CO-001/2026.1,0.05,0.10,ISO17025-CO-CANNABINOID-SAFETY,reviewer-co,2714298de3de3faee8ecf82bdae4ddd694af17c45dae80afc88a5b2b1930c7e9,true
SC-073,SC-SAMPLE-073,SC-COA-073,MI,MI-LICENSE-01,EDIBLE,2026-08-20T12:00:00Z,COLLECTED@2026-08-20T12:00:00Z|TRANSFERRED@2026-08-20T14:00:00Z|RECEIVED@2026-08-20T16:00:00Z,MI-2026.1,2027-09-01T00:00:00Z,MI-CANNABINOID-SAFETY,SC-MI-001/2026.1,0.20,0.40,ISO17025-MI-CANNABINOID-SAFETY,reviewer-mi,f86ea3f25da364f1b844cb9ec4b45f138daac0bb1ae7ac0f4bfea967b01353d9,true
SC-074,SC-SAMPLE-074,SC-COA-074,MD,MD-LICENSE-02,VAPE,2026-08-20T12:00:00Z,COLLECTED@2026-08-20T12:00:00Z|TRANSFERRED@2026-08-20T14:00:00Z|RECEIVED@2026-08-20T16:00:00Z,MD-2026.1,2027-09-01T00:00:00Z,MD-CANNABINOID-SAFETY,SC-MD-001/2026.1,0.08,0.16,ISO17025-MD-CANNABINOID-SAFETY,reviewer-md,7528ff9eff673fa1e3ac978a9613c2131bef98ce5eb4234dd59408ba70c0d956,true
SC-075,SC-SAMPLE-075,SC-COA-075,OR,OR-LICENSE-03,FLOWER,2026-08-20T12:00:00Z,COLLECTED@2026-08-20T12:00:00Z|TRANSFERRED@2026-08-20T14:00:00Z|RECEIVED@2026-08-20T16:00:00Z,OR-2026.1,2027-09-01T00:00:00Z,OR-CANNABINOID-SAFETY,SC-OR-001/2026.1,0.12,0.24,ISO17025-OR-CANNABINOID-SAFETY,reviewer-or,34ff2a095af5226994f58ad2ad443be929b5fe3247977f07fb561b332e955517,true
SC-076,SC-SAMPLE-076,SC-COA-076,CA,CA-LICENSE-04,FLOWER,2026-08-20T12:00:00Z,COLLECTED@2026-08-20T12:00:00Z|TRANSFERRED@2026-08-20T14:00:00Z|RECEIVED@2026-08-20T16:00:00Z,CA-2026.1,2027-09-01T00:00:00Z,CA-CANNABINOID-SAFETY,SC-CA-001/2026.1,0.10,0.20,ISO17025-CA-CANNABINOID-SAFETY,reviewer-ca,4ec2fe6d7298833c827eb558d059fdd92c879601c116bb7894fea717c8a9ce0a,true
SC-077,SC-SAMPLE-077,SC-COA-077,CO,CO-LICENSE-05,CONCENTRATE,2026-08-20T12:00:00Z,COLLECTED@2026-08-20T12:00:00Z|TRANSFERRED@2026-08-20T14:00:00Z|RECEIVED@2026-08-20T16:00:00Z,CO-2026.1,2027-09-01T00:00:00Z,CO-CANNABINOID-SAFETY,SC-CO-001/2026.1,0.05,0.10,ISO17025-CO-CANNABINOID-SAFETY,reviewer-co,373212653ee497a6147f4da4b51470302e3775bb25d070147e8833acc0cf7e74,true
SC-078,SC-SAMPLE-078,SC-COA-078,MI,MI-LICENSE-06,EDIBLE,2026-08-20T12:00:00Z,COLLECTED@2026-08-20T12:00:00Z|TRANSFERRED@2026-08-20T14:00:00Z|RECEIVED@2026-08-20T16:00:00Z,MI-2026.1,2027-09-01T00:00:00Z,MI-CANNABINOID-SAFETY,SC-MI-001/2026.1,0.20,0.40,ISO17025-MI-CANNABINOID-SAFETY,reviewer-mi,b634d823a15ca7f613d53a9846e01214155af3f8d5f34448172b91154828401f,true
SC-079,SC-SAMPLE-079,SC-COA-079,MD,MD-LICENSE-07,VAPE,2026-08-20T12:00:00Z,COLLECTED@2026-08-20T12:00:00Z|TRANSFERRED@2026-08-20T14:00:00Z|RECEIVED@2026-08-20T16:00:00Z,MD-2026.1,2027-09-01T00:00:00Z,MD-CANNABINOID-SAFETY,SC-MD-001/2026.1,0.08,0.16,ISO17025-MD-CANNABINOID-SAFETY,reviewer-md,cd0858c2728a8071c0410ec7c5e9d93f6adaa838c6a0362ce39d801945e1c444,true
SC-080,SC-SAMPLE-080,SC-COA-080,OR,OR-LICENSE-08,FLOWER,2026-08-20T12:00:00Z,COLLECTED@2026-08-20T12:00:00Z|TRANSFERRED@2026-08-20T14:00:00Z|RECEIVED@2026-08-20T16:00:00Z,OR-2026.1,2027-09-01T00:00:00Z,OR-CANNABINOID-SAFETY,SC-OR-001/2026.1,0.12,0.24,ISO17025-OR-CANNABINOID-SAFETY,reviewer-or,462e68878c0d56481b9b4edf8ee7f01d20093deb33626cd840f330b363bcafba,true
SC-081,SC-SAMPLE-081,SC-COA-081,CA,CA-LICENSE-09,FLOWER,2026-08-20T12:00:00Z,COLLECTED@2026-08-20T12:00:00Z|TRANSFERRED@2026-08-20T14:00:00Z|RECEIVED@2026-08-20T16:00:00Z,CA-2026.1,2027-09-01T00:00:00Z,CA-CANNABINOID-SAFETY,SC-CA-001/2026.1,0.10,0.20,ISO17025-CA-CANNABINOID-SAFETY,reviewer-ca,c1e93419bf8c3daf3c2a419ba996b14773536c0c915159b1d224d71df3f1f2e5,true
SC-082,SC-SAMPLE-082,SC-COA-082,CO,CO-LICENSE-10,CONCENTRATE,2026-08-20T12:00:00Z,COLLECTED@2026-08-20T12:00:00Z|TRANSFERRED@2026-08-20T14:00:00Z|RECEIVED@2026-08-20T16:00:00Z,CO-2026.1,2027-09-01T00:00:00Z,CO-CANNABINOID-SAFETY,SC-CO-001/2026.1,0.05,0.10,ISO17025-CO-CANNABINOID-SAFETY,reviewer-co,16a94ff35620cd38a8ef7b0d23196a4ea3199443548d1b14b75d7ca7a10a3042,true
SC-083,SC-SAMPLE-083,SC-COA-083,MI,MI-LICENSE-11,EDIBLE,2026-08-20T12:00:00Z,COLLECTED@2026-08-20T12:00:00Z|TRANSFERRED@2026-08-20T14:00:00Z|RECEIVED@2026-08-20T16:00:00Z,MI-2026.1,2027-09-01T00:00:00Z,MI-CANNABINOID-SAFETY,SC-MI-001/2026.1,0.20,0.40,ISO17025-MI-CANNABINOID-SAFETY,reviewer-mi,5060b51770f5167c763e495da2a8b80304dadef0333332a313173f74f6dfde1b,true
SC-084,SC-SAMPLE-084,SC-COA-084,MD,MD-LICENSE-12,VAPE,2026-08-20T12:00:00Z,COLLECTED@2026-08-20T12:00:00Z|TRANSFERRED@2026-08-20T14:00:00Z|RECEIVED@2026-08-20T16:00:00Z,MD-2026.1,2027-09-01T00:00:00Z,MD-CANNABINOID-SAFETY,SC-MD-001/2026.1,0.08,0.16,ISO17025-MD-CANNABINOID-SAFETY,reviewer-md,7d322546695c02c30bade4ebe24ccf3819814cb483723a0aed93c7a84fb4540c,true
SC-085,SC-SAMPLE-085,SC-COA-085,OR,OR-LICENSE-13,FLOWER,2026-08-20T12:00:00Z,COLLECTED@2026-08-20T12:00:00Z|TRANSFERRED@2026-08-20T14:00:00Z|RECEIVED@2026-08-20T16:00:00Z,OR-2026.1,2027-09-01T00:00:00Z,OR-CANNABINOID-SAFETY,SC-OR-001/2026.1,0.12,0.24,ISO17025-OR-CANNABINOID-SAFETY,reviewer-or,43fb90c7ef9b52e27264196246d1898406d2b0ccbb3e3d000500815b1ebddbc3,true
SC-086,SC-SAMPLE-086,SC-COA-086,CA,CA-LICENSE-14,FLOWER,2026-08-20T12:00:00Z,COLLECTED@2026-08-20T12:00:00Z|TRANSFERRED@2026-08-20T14:00:00Z|RECEIVED@2026-08-20T16:00:00Z,CA-2026.1,2027-09-01T00:00:00Z,CA-CANNABINOID-SAFETY,SC-CA-001/2026.1,0.10,0.20,ISO17025-CA-CANNABINOID-SAFETY,reviewer-ca,4d142f637b85a7160bff64fd4a1652e885c388860710c8033ab58dfcdf0b9da2,true
SC-087,SC-SAMPLE-087,SC-COA-087,CO,CO-LICENSE-15,CONCENTRATE,2026-08-20T12:00:00Z,COLLECTED@2026-08-20T12:00:00Z|TRANSFERRED@2026-08-20T14:00:00Z|RECEIVED@2026-08-20T16:00:00Z,CO-2026.1,2027-09-01T00:00:00Z,CO-CANNABINOID-SAFETY,SC-CO-001/2026.1,0.05,0.10,ISO17025-CO-CANNABINOID-SAFETY,reviewer-co,e19c9b870674a1780b0e4a1c0df304d54533146dc36df341055406d540202ddc,true
SC-088,SC-SAMPLE-088,SC-COA-088,MI,MI-LICENSE-16,EDIBLE,2026-08-20T12:00:00Z,COLLECTED@2026-08-20T12:00:00Z|TRANSFERRED@2026-08-20T14:00:00Z|RECEIVED@2026-08-20T16:00:00Z,MI-2026.1,2027-09-01T00:00:00Z,MI-CANNABINOID-SAFETY,SC-MI-001/2026.1,0.20,0.40,ISO17025-MI-CANNABINOID-SAFETY,reviewer-mi,ce2319cd00d4a2e084fcc3558e42d69eccdb4a29aad5e2479c0fff971ce24763,true
SC-089,SC-SAMPLE-089,SC-COA-089,MD,MD-LICENSE-17,VAPE,2026-08-20T12:00:00Z,COLLECTED@2026-08-20T12:00:00Z|TRANSFERRED@2026-08-20T14:00:00Z|RECEIVED@2026-08-20T16:00:00Z,MD-2026.1,2027-09-01T00:00:00Z,MD-CANNABINOID-SAFETY,SC-MD-001/2026.1,0.08,0.16,ISO17025-MD-CANNABINOID-SAFETY,reviewer-md,f6970c9a0114d6e34a05718b5b1d9893af9cd40d1070510c966cec954006be67,true
SC-090,SC-SAMPLE-090,SC-COA-090,OR,OR-LICENSE-18,FLOWER,2026-08-20T12:00:00Z,COLLECTED@2026-08-20T12:00:00Z|TRANSFERRED@2026-08-20T14:00:00Z|RECEIVED@2026-08-20T16:00:00Z,OR-2026.1,2027-09-01T00:00:00Z,OR-CANNABINOID-SAFETY,SC-OR-001/2026.1,0.12,0.24,ISO17025-OR-CANNABINOID-SAFETY,reviewer-or,e295fbb8cddb937a7b6c3b78e1fb32e9cfa62ad331eb28f0705ea3d63fda15d2,true
SC-091,SC-SAMPLE-091,SC-COA-091,CA,CA-LICENSE-19,FLOWER,2026-08-20T12:00:00Z,COLLECTED@2026-08-20T12:00:00Z|TRANSFERRED@2026-08-20T14:00:00Z|RECEIVED@2026-08-20T16:00:00Z,CA-2026.1,2027-09-01T00:00:00Z,CA-CANNABINOID-SAFETY,SC-CA-001/2026.1,0.10,0.20,ISO17025-CA-CANNABINOID-SAFETY,reviewer-ca,c6604e2130b7fa60aa51eb7edca824472aa890e9badb76e75c0340a28d3319d5,true
SC-092,SC-SAMPLE-092,SC-COA-092,CO,CO-LICENSE-20,CONCENTRATE,2026-08-20T12:00:00Z,COLLECTED@2026-08-20T12:00:00Z|TRANSFERRED@2026-08-20T14:00:00Z|RECEIVED@2026-08-20T16:00:00Z,CO-2026.1,2027-09-01T00:00:00Z,CO-CANNABINOID-SAFETY,SC-CO-001/2026.1,0.05,0.10,ISO17025-CO-CANNABINOID-SAFETY,reviewer-co,3168accd9c180a0a8e03f221f6a007230700ad61468bb32cb98c38c2077c8bcf,true
SC-093,SC-SAMPLE-093,SC-COA-093,MI,MI-LICENSE-21,EDIBLE,2026-08-20T12:00:00Z,COLLECTED@2026-08-20T12:00:00Z|TRANSFERRED@2026-08-20T14:00:00Z|RECEIVED@2026-08-20T16:00:00Z,MI-2026.1,2027-09-01T00:00:00Z,MI-CANNABINOID-SAFETY,SC-MI-001/2026.1,0.20,0.40,ISO17025-MI-CANNABINOID-SAFETY,reviewer-mi,f23415637795eb91da02da6b391d68fe2177acdfa033aa479681e925fd2dd1a6,true
SC-094,SC-SAMPLE-094,SC-COA-094,MD,MD-LICENSE-22,VAPE,2026-08-20T12:00:00Z,COLLECTED@2026-08-20T12:00:00Z|TRANSFERRED@2026-08-20T14:00:00Z|RECEIVED@2026-08-20T16:00:00Z,MD-2026.1,2027-09-01T00:00:00Z,MD-CANNABINOID-SAFETY,SC-MD-001/2026.1,0.08,0.16,ISO17025-MD-CANNABINOID-SAFETY,reviewer-md,7b3785ef6e7a619bb60f89c86341702ff4feaf4e2cf15a06b459519189123ae8,true
SC-095,SC-SAMPLE-095,SC-COA-095,OR,OR-LICENSE-23,FLOWER,2026-08-20T12:00:00Z,COLLECTED@2026-08-20T12:00:00Z|TRANSFERRED@2026-08-20T14:00:00Z|RECEIVED@2026-08-20T16:00:00Z,OR-2026.1,2027-09-01T00:00:00Z,OR-CANNABINOID-SAFETY,SC-OR-001/2026.1,0.12,0.24,ISO17025-OR-CANNABINOID-SAFETY,reviewer-or,94de9b5ac340846996c432e44046d504caae7a6e4927083bdeafe0581c297afe,true
SC-096,SC-SAMPLE-096,SC-COA-096,CA,CA-LICENSE-24,FLOWER,2026-08-20T12:00:00Z,COLLECTED@2026-08-20T12:00:00Z|TRANSFERRED@2026-08-20T14:00:00Z|RECEIVED@2026-08-20T16:00:00Z,CA-2026.1,2027-09-01T00:00:00Z,CA-CANNABINOID-SAFETY,SC-CA-001/2026.1,0.10,0.20,ISO17025-CA-CANNABINOID-SAFETY,reviewer-ca,f3379e7defb0e203ff615505712d0328080432f3db4e645e660705ebaed81f55,true
SC-097,SC-SAMPLE-097,SC-COA-097,CO,CO-LICENSE-01,CONCENTRATE,2026-08-20T12:00:00Z,COLLECTED@2026-08-20T12:00:00Z|TRANSFERRED@2026-08-20T14:00:00Z|RECEIVED@2026-08-20T16:00:00Z,CO-2026.1,2027-09-01T00:00:00Z,CO-CANNABINOID-SAFETY,SC-CO-001/2026.1,0.05,0.10,ISO17025-CO-CANNABINOID-SAFETY,reviewer-co,e584bf6b0c03d1020e799a8c680c7efab13fc3905601d9fb5821205e79989ce1,true
SC-098,SC-SAMPLE-098,SC-COA-098,MI,MI-LICENSE-02,EDIBLE,2026-08-20T12:00:00Z,COLLECTED@2026-08-20T12:00:00Z|TRANSFERRED@2026-08-20T14:00:00Z|RECEIVED@2026-08-20T16:00:00Z,MI-2026.1,2027-09-01T00:00:00Z,MI-CANNABINOID-SAFETY,SC-MI-001/2026.1,0.20,0.40,ISO17025-MI-CANNABINOID-SAFETY,reviewer-mi,f446f708f3c6d599b0af70e12c911f22cd25e3547a27a565522c99967e7b83a7,true
SC-099,SC-SAMPLE-099,SC-COA-099,MD,MD-LICENSE-03,VAPE,2026-08-20T12:00:00Z,COLLECTED@2026-08-20T12:00:00Z|TRANSFERRED@2026-08-20T14:00:00Z|RECEIVED@2026-08-20T16:00:00Z,MD-2026.1,2027-09-01T00:00:00Z,MD-CANNABINOID-SAFETY,SC-MD-001/2026.1,0.08,0.16,ISO17025-MD-CANNABINOID-SAFETY,reviewer-md,eb184534277651b7454d886950efa31e8f8ae0a0a478d4fa4d8f0f31f81faa2c,true
SC-100,SC-SAMPLE-100,SC-COA-100,OR,OR-LICENSE-04,FLOWER,2026-08-20T12:00:00Z,COLLECTED@2026-08-20T12:00:00Z|TRANSFERRED@2026-08-20T14:00:00Z|RECEIVED@2026-08-20T16:00:00Z,OR-2026.1,2027-09-01T00:00:00Z,OR-CANNABINOID-SAFETY,SC-OR-001/2026.1,0.12,0.24,ISO17025-OR-CANNABINOID-SAFETY,reviewer-or,00eb5ea3b33a593a234ddd6df0674c508bf25c700a09caeda1befc970c234482,true
SC-101,SC-SAMPLE-101,SC-COA-101,CA,CA-LICENSE-05,FLOWER,2026-08-20T12:00:00Z,COLLECTED@2026-08-20T12:00:00Z|TRANSFERRED@2026-08-20T14:00:00Z|RECEIVED@2026-08-20T16:00:00Z,CA-2026.1,2027-09-01T00:00:00Z,CA-CANNABINOID-SAFETY,SC-CA-001/2026.1,0.10,0.20,ISO17025-CA-CANNABINOID-SAFETY,reviewer-ca,29a5ff6824597f882d1ad70a910b420080dd20dc6c34d295286f0989e11cba6d,true
SC-102,SC-SAMPLE-102,SC-COA-102,CO,CO-LICENSE-06,CONCENTRATE,2026-08-20T12:00:00Z,COLLECTED@2026-08-20T12:00:00Z|TRANSFERRED@2026-08-20T14:00:00Z|RECEIVED@2026-08-20T16:00:00Z,CO-2026.1,2027-09-01T00:00:00Z,CO-CANNABINOID-SAFETY,SC-CO-001/2026.1,0.05,0.10,ISO17025-CO-CANNABINOID-SAFETY,reviewer-co,f0495e0af6e8c95d3d38b536e6edd0865b7f88793e15baecd280199c1680f3a5,true
SC-103,SC-SAMPLE-103,SC-COA-103,MI,MI-LICENSE-07,EDIBLE,2026-08-20T12:00:00Z,COLLECTED@2026-08-20T12:00:00Z|TRANSFERRED@2026-08-20T14:00:00Z|RECEIVED@2026-08-20T16:00:00Z,MI-2026.1,2027-09-01T00:00:00Z,MI-CANNABINOID-SAFETY,SC-MI-001/2026.1,0.20,0.40,ISO17025-MI-CANNABINOID-SAFETY,reviewer-mi,32d1b67696c474a8d7ce872ac6e8de84b7c1ff6c54fd5d8777f48b400a22989f,true
SC-104,SC-SAMPLE-104,SC-COA-104,MD,MD-LICENSE-08,VAPE,2026-08-20T12:00:00Z,COLLECTED@2026-08-20T12:00:00Z|TRANSFERRED@2026-08-20T14:00:00Z|RECEIVED@2026-08-20T16:00:00Z,MD-2026.1,2027-09-01T00:00:00Z,MD-CANNABINOID-SAFETY,SC-MD-001/2026.1,0.08,0.16,ISO17025-MD-CANNABINOID-SAFETY,reviewer-md,1017a7ed44fada0b85e32779c4be1a6433ee6f67c4476ec802c53fe6eea16734,true
SC-105,SC-SAMPLE-105,SC-COA-105,OR,OR-LICENSE-09,FLOWER,2026-08-20T12:00:00Z,COLLECTED@2026-08-20T12:00:00Z|TRANSFERRED@2026-08-20T14:00:00Z|RECEIVED@2026-08-20T16:00:00Z,OR-2026.1,2027-09-01T00:00:00Z,OR-CANNABINOID-SAFETY,SC-OR-001/2026.1,0.12,0.24,ISO17025-OR-CANNABINOID-SAFETY,reviewer-or,c220d6fc30839e5a9018a01281678142a3829313e31d49c4b22f913f3680c6a4,true
SC-106,SC-SAMPLE-106,SC-COA-106,CA,CA-LICENSE-10,FLOWER,2026-08-20T12:00:00Z,COLLECTED@2026-08-20T12:00:00Z|TRANSFERRED@2026-08-20T14:00:00Z|RECEIVED@2026-08-20T16:00:00Z,CA-2026.1,2027-09-01T00:00:00Z,CA-CANNABINOID-SAFETY,SC-CA-001/2026.1,0.10,0.20,ISO17025-CA-CANNABINOID-SAFETY,reviewer-ca,c4bd1476de8d32abeccb817a0ab8c9ef30b786f228acbf36c08254daeb1713a0,true
SC-107,SC-SAMPLE-107,SC-COA-107,CO,CO-LICENSE-11,CONCENTRATE,2026-08-20T12:00:00Z,COLLECTED@2026-08-20T12:00:00Z|TRANSFERRED@2026-08-20T14:00:00Z|RECEIVED@2026-08-20T16:00:00Z,CO-2026.1,2027-09-01T00:00:00Z,CO-CANNABINOID-SAFETY,SC-CO-001/2026.1,0.05,0.10,ISO17025-CO-CANNABINOID-SAFETY,reviewer-co,0a42aa04b80f6a36fb7ad6b65d15916809eef65950f1d07ba0dcb58dcddb09e9,true
SC-108,SC-SAMPLE-108,SC-COA-108,MI,MI-LICENSE-12,EDIBLE,2026-08-20T12:00:00Z,COLLECTED@2026-08-20T12:00:00Z|TRANSFERRED@2026-08-20T14:00:00Z|RECEIVED@2026-08-20T16:00:00Z,MI-2026.1,2027-09-01T00:00:00Z,MI-CANNABINOID-SAFETY,SC-MI-001/2026.1,0.20,0.40,ISO17025-MI-CANNABINOID-SAFETY,reviewer-mi,403b1bf062b3b35cb8bd0665665af9a5df269ea244179efc9f0bea05a2e2deae,true
SC-109,SC-SAMPLE-109,SC-COA-109,MD,MD-LICENSE-13,VAPE,2026-08-20T12:00:00Z,COLLECTED@2026-08-20T12:00:00Z|TRANSFERRED@2026-08-20T14:00:00Z|RECEIVED@2026-08-20T16:00:00Z,MD-2026.1,2027-09-01T00:00:00Z,MD-CANNABINOID-SAFETY,SC-MD-001/2026.1,0.08,0.16,ISO17025-MD-CANNABINOID-SAFETY,reviewer-md,41aa462dd463d0e98026a0149276344fe19ce0e6e0f76328495c3e3682298c88,true
SC-110,SC-SAMPLE-110,SC-COA-110,OR,OR-LICENSE-14,FLOWER,2026-08-20T12:00:00Z,COLLECTED@2026-08-20T12:00:00Z|TRANSFERRED@2026-08-20T14:00:00Z|RECEIVED@2026-08-20T16:00:00Z,OR-2026.1,2027-09-01T00:00:00Z,OR-CANNABINOID-SAFETY,SC-OR-001/2026.1,0.12,0.24,ISO17025-OR-CANNABINOID-SAFETY,reviewer-or,24c8fce130de32a62058510fd39ff1e48ef55514a91e0079dea06b6146b99949,true
SC-111,SC-SAMPLE-111,SC-COA-111,CA,CA-LICENSE-15,FLOWER,2026-08-20T12:00:00Z,COLLECTED@2026-08-20T12:00:00Z|TRANSFERRED@2026-08-20T14:00:00Z|RECEIVED@2026-08-20T16:00:00Z,CA-2026.1,2027-09-01T00:00:00Z,CA-CANNABINOID-SAFETY,SC-CA-001/2026.1,0.10,0.20,ISO17025-CA-CANNABINOID-SAFETY,reviewer-ca,2fa8218781771b6ec205c0bd13750259048ee1f3c8f56027e4dedea4330b684d,true
SC-112,SC-SAMPLE-112,SC-COA-112,CO,CO-LICENSE-16,CONCENTRATE,2026-08-20T12:00:00Z,COLLECTED@2026-08-20T12:00:00Z|TRANSFERRED@2026-08-20T14:00:00Z|RECEIVED@2026-08-20T16:00:00Z,CO-2026.1,2027-09-01T00:00:00Z,CO-CANNABINOID-SAFETY,SC-CO-001/2026.1,0.05,0.10,ISO17025-CO-CANNABINOID-SAFETY,reviewer-co,ca276bf0b1611c81ceb3a6be6f2e63e9942ee9d3c1ec8a96741cfc8d91ca8d5f,true
SC-113,SC-SAMPLE-113,SC-COA-113,MI,MI-LICENSE-17,EDIBLE,2026-08-20T12:00:00Z,COLLECTED@2026-08-20T12:00:00Z|TRANSFERRED@2026-08-20T14:00:00Z|RECEIVED@2026-08-20T16:00:00Z,MI-2026.1,2027-09-01T00:00:00Z,MI-CANNABINOID-SAFETY,SC-MI-001/2026.1,0.20,0.40,ISO17025-MI-CANNABINOID-SAFETY,reviewer-mi,8cb8490073d743937d8f6de73db648be52bdc9b9f5f3948fc499543b55f8de56,true
SC-114,SC-SAMPLE-114,SC-COA-114,MD,MD-LICENSE-18,VAPE,2026-08-20T12:00:00Z,COLLECTED@2026-08-20T12:00:00Z|TRANSFERRED@2026-08-20T14:00:00Z|RECEIVED@2026-08-20T16:00:00Z,MD-2026.1,2027-09-01T00:00:00Z,MD-CANNABINOID-SAFETY,SC-MD-001/2026.1,0.08,0.16,ISO17025-MD-CANNABINOID-SAFETY,reviewer-md,7d09eadd11e39417e54dfed64fae3bc54dc52adc7fc1d1848c56153c619244f9,true
SC-115,SC-SAMPLE-115,SC-COA-115,OR,OR-LICENSE-19,FLOWER,2026-08-20T12:00:00Z,COLLECTED@2026-08-20T12:00:00Z|TRANSFERRED@2026-08-20T14:00:00Z|RECEIVED@2026-08-20T16:00:00Z,OR-2026.1,2027-09-01T00:00:00Z,OR-CANNABINOID-SAFETY,SC-OR-001/2026.1,0.12,0.24,ISO17025-OR-CANNABINOID-SAFETY,reviewer-or,5f0330c7b1333c62df996dddb86dfe219104e70e19105d80b7419f010c67feac,true
SC-116,SC-SAMPLE-116,SC-COA-116,CA,CA-LICENSE-20,FLOWER,2026-08-20T12:00:00Z,COLLECTED@2026-08-20T12:00:00Z|TRANSFERRED@2026-08-20T14:00:00Z|RECEIVED@2026-08-20T16:00:00Z,CA-2026.1,2027-09-01T00:00:00Z,CA-CANNABINOID-SAFETY,SC-CA-001/2026.1,0.10,0.20,ISO17025-CA-CANNABINOID-SAFETY,reviewer-ca,bd54056369973258e4934495d194bc57bf2c6471ba6f1391bd88b6d10a067836,true
SC-117,SC-SAMPLE-117,SC-COA-117,CO,CO-LICENSE-21,CONCENTRATE,2026-08-20T12:00:00Z,COLLECTED@2026-08-20T12:00:00Z|TRANSFERRED@2026-08-20T14:00:00Z|RECEIVED@2026-08-20T16:00:00Z,CO-2026.1,2027-09-01T00:00:00Z,CO-CANNABINOID-SAFETY,SC-CO-001/2026.1,0.05,0.10,ISO17025-CO-CANNABINOID-SAFETY,reviewer-co,a56fa278165e6af4caca6c8cc21ac1a3f09834ebb765966ebdb712a77a2c651a,true
SC-118,SC-SAMPLE-118,SC-COA-118,MI,MI-LICENSE-22,EDIBLE,2026-08-20T12:00:00Z,COLLECTED@2026-08-20T12:00:00Z|TRANSFERRED@2026-08-20T14:00:00Z|RECEIVED@2026-08-20T16:00:00Z,MI-2026.1,2027-09-01T00:00:00Z,MI-CANNABINOID-SAFETY,SC-MI-001/2026.1,0.20,0.40,ISO17025-MI-CANNABINOID-SAFETY,reviewer-mi,9efebce3db8437e4412091ead45c828895c5f309ccfa9953cbb81ade8e229640,true
SC-119,SC-SAMPLE-119,SC-COA-119,MD,MD-LICENSE-23,VAPE,2026-08-20T12:00:00Z,COLLECTED@2026-08-20T12:00:00Z|TRANSFERRED@2026-08-20T14:00:00Z|RECEIVED@2026-08-20T16:00:00Z,MD-2026.1,2027-09-01T00:00:00Z,MD-CANNABINOID-SAFETY,SC-MD-001/2026.1,0.08,0.16,ISO17025-MD-CANNABINOID-SAFETY,reviewer-md,e14329188b43b3a6f96501563534551ed187792612ae374f7666e39ce9e14824,true
SC-120,SC-SAMPLE-120,SC-COA-120,OR,OR-LICENSE-24,FLOWER,2026-08-20T12:00:00Z,COLLECTED@2026-08-20T12:00:00Z|TRANSFERRED@2026-08-20T14:00:00Z|RECEIVED@2026-08-20T16:00:00Z,OR-2026.1,2027-09-01T00:00:00Z,OR-CANNABINOID-SAFETY,SC-OR-001/2026.1,0.12,0.24,ISO17025-OR-CANNABINOID-SAFETY,reviewer-or,8d70f5675cbe614f110a05553ca5b04dcefd4b45f82313b5e8bff6160a48ff00,true
SC-121,SC-SAMPLE-121,SC-COA-121,CA,CA-LICENSE-01,FLOWER,2026-08-20T12:00:00Z,COLLECTED@2026-08-20T12:00:00Z|TRANSFERRED@2026-08-20T14:00:00Z|RECEIVED@2026-08-20T16:00:00Z,CA-2025.0,2026-01-01T00:00:00Z,CA-CANNABINOID-SAFETY,SC-CA-001/2026.1,0.10,0.20,ISO17025-CA-CANNABINOID-SAFETY,reviewer-ca,8686c95a46450c43f0311873a2821e2fa45a5201bd5e7a718cbe0050d1044c98,true
SC-122,SC-SAMPLE-122,SC-COA-122,CO,CO-LICENSE-02,CONCENTRATE,2026-08-20T12:00:00Z,COLLECTED@2026-08-20T12:00:00Z|TRANSFERRED@2026-08-20T14:00:00Z|RECEIVED@2026-08-20T16:00:00Z,CO-2025.0,2026-01-01T00:00:00Z,CO-CANNABINOID-SAFETY,SC-CO-001/2026.1,0.05,0.10,ISO17025-CO-CANNABINOID-SAFETY,reviewer-co,351ac6f5266e70d4f10e558a817b789ab79adf8f02e0b39f474e2c1d6360d3a2,true
SC-123,SC-SAMPLE-123,SC-COA-123,MI,MI-LICENSE-03,EDIBLE,2026-08-20T12:00:00Z,COLLECTED@2026-08-20T12:00:00Z|TRANSFERRED@2026-08-20T14:00:00Z|RECEIVED@2026-08-20T16:00:00Z,MI-2025.0,2026-01-01T00:00:00Z,MI-CANNABINOID-SAFETY,SC-MI-001/2026.1,0.20,0.40,ISO17025-MI-CANNABINOID-SAFETY,reviewer-mi,e89e3442d7a602152cba069dea9ce9e88bd04e9c44fd1abac71b3166d8107c2a,true
SC-124,SC-SAMPLE-124,SC-COA-124,MD,MD-LICENSE-04,VAPE,2026-08-20T12:00:00Z,COLLECTED@2026-08-20T12:00:00Z|TRANSFERRED@2026-08-20T14:00:00Z|RECEIVED@2026-08-20T16:00:00Z,MD-2025.0,2026-01-01T00:00:00Z,MD-CANNABINOID-SAFETY,SC-MD-001/2026.1,0.08,0.16,ISO17025-MD-CANNABINOID-SAFETY,reviewer-md,4f7c490394f92c9cb27dd9dc63a2665791ac4db74edd4ed4dd83403613865f89,true
SC-125,SC-SAMPLE-125,SC-COA-125,OR,OR-LICENSE-05,FLOWER,2026-08-20T12:00:00Z,COLLECTED@2026-08-20T12:00:00Z|TRANSFERRED@2026-08-20T14:00:00Z|RECEIVED@2026-08-20T16:00:00Z,OR-2025.0,2026-01-01T00:00:00Z,OR-CANNABINOID-SAFETY,SC-OR-001/2026.1,0.12,0.24,ISO17025-OR-CANNABINOID-SAFETY,reviewer-or,52e5b450e02772ac61930ecf6753ccd83a43b34c9f07d19b38cbc3ebbd5d592c,true
SC-126,SC-SAMPLE-126,SC-COA-126,CA,CA-LICENSE-06,FLOWER,2026-08-20T12:00:00Z,COLLECTED@2026-08-20T12:00:00Z|TRANSFERRED@2026-08-20T14:00:00Z|RECEIVED@2026-08-20T16:00:00Z,CA-2026.1,2027-09-01T00:00:00Z,CO-CANNABINOID-SAFETY,SC-CA-001/2026.1,0.10,0.20,ISO17025-CA-CANNABINOID-SAFETY,reviewer-ca,93da88fa4f1bdd52e009b02df9dc1c0031550721db01622fb5ee2d083fa832fe,true
SC-127,SC-SAMPLE-127,SC-COA-127,CO,CO-LICENSE-07,CONCENTRATE,2026-08-20T12:00:00Z,COLLECTED@2026-08-20T12:00:00Z|TRANSFERRED@2026-08-20T14:00:00Z|RECEIVED@2026-08-20T16:00:00Z,CO-2026.1,2027-09-01T00:00:00Z,CA-CANNABINOID-SAFETY,SC-CO-001/2026.1,0.05,0.10,ISO17025-CO-CANNABINOID-SAFETY,reviewer-co,ad4550660acf9eba7e25eb2dca39c15658ace425549b18cd96f8b2b6799cce19,true
SC-128,SC-SAMPLE-128,SC-COA-128,MI,MI-LICENSE-08,EDIBLE,2026-08-20T12:00:00Z,COLLECTED@2026-08-20T12:00:00Z|TRANSFERRED@2026-08-20T14:00:00Z|RECEIVED@2026-08-20T16:00:00Z,MI-2026.1,2027-09-01T00:00:00Z,CA-CANNABINOID-SAFETY,SC-MI-001/2026.1,0.20,0.40,ISO17025-MI-CANNABINOID-SAFETY,reviewer-mi,e5b2d3b61843e7e8eb793437eb29055c55a8a673722c3e387e34219d0a3702f7,true
SC-129,SC-SAMPLE-129,SC-COA-129,MD,MD-LICENSE-09,VAPE,2026-08-20T12:00:00Z,COLLECTED@2026-08-20T12:00:00Z|TRANSFERRED@2026-08-20T14:00:00Z|RECEIVED@2026-08-20T16:00:00Z,MD-2026.1,2027-09-01T00:00:00Z,CA-CANNABINOID-SAFETY,SC-MD-001/2026.1,0.08,0.16,ISO17025-MD-CANNABINOID-SAFETY,reviewer-md,c680e01cb943d4113bbdc1a6d320faa18d32ab6c89763afb5816c3eccc2eac95,true
SC-130,SC-SAMPLE-130,SC-COA-130,OR,OR-LICENSE-10,FLOWER,2026-08-20T12:00:00Z,COLLECTED@2026-08-20T12:00:00Z|TRANSFERRED@2026-08-20T14:00:00Z|RECEIVED@2026-08-20T16:00:00Z,OR-2026.1,2027-09-01T00:00:00Z,CA-CANNABINOID-SAFETY,SC-OR-001/2026.1,0.12,0.24,ISO17025-OR-CANNABINOID-SAFETY,reviewer-or,4d46e3488ebf27bb0fd9b0dbe28ea5a6665bd0d47eb76abdf51d7d37ed3c4360,true
SC-131,SC-SAMPLE-131,SC-COA-131,CA,CA-LICENSE-11,FLOWER,2026-08-20T12:00:00Z,COLLECTED@2026-08-20T12:00:00Z|TRANSFERRED@2026-08-20T14:00:00Z|RECEIVED@2026-08-20T16:00:00Z,CA-2026.1,2027-09-01T00:00:00Z,CA-CANNABINOID-SAFETY,SC-CA-001/2026.1,9.99,0.20,ISO17025-CA-CANNABINOID-SAFETY,reviewer-ca,38c1b66a2941d4e75dd97b68ba0f4f3d19d29c49cc15020284cc20670da6a6e1,true
SC-132,SC-SAMPLE-132,SC-COA-132,CO,CO-LICENSE-12,CONCENTRATE,2026-08-20T12:00:00Z,COLLECTED@2026-08-20T12:00:00Z|TRANSFERRED@2026-08-20T14:00:00Z|RECEIVED@2026-08-20T16:00:00Z,CO-2026.1,2027-09-01T00:00:00Z,CO-CANNABINOID-SAFETY,SC-CO-001/2026.1,9.99,0.10,ISO17025-CO-CANNABINOID-SAFETY,reviewer-co,87f5764fead4260a4ae318a2c22b5d08ccee167e9416d6403bb8daa1aa202e43,true
SC-133,SC-SAMPLE-133,SC-COA-133,MI,MI-LICENSE-13,EDIBLE,2026-08-20T12:00:00Z,COLLECTED@2026-08-20T12:00:00Z|TRANSFERRED@2026-08-20T14:00:00Z|RECEIVED@2026-08-20T16:00:00Z,MI-2026.1,2027-09-01T00:00:00Z,MI-CANNABINOID-SAFETY,SC-MI-001/2026.1,9.99,0.40,ISO17025-MI-CANNABINOID-SAFETY,reviewer-mi,3e179fb8a661c2ba8efe89abaaa226c3c578bc85a0b01486b808eb310dcda54e,true
SC-134,SC-SAMPLE-134,SC-COA-134,MD,MD-LICENSE-14,VAPE,2026-08-20T12:00:00Z,COLLECTED@2026-08-20T12:00:00Z|TRANSFERRED@2026-08-20T14:00:00Z|RECEIVED@2026-08-20T16:00:00Z,MD-2026.1,2027-09-01T00:00:00Z,MD-CANNABINOID-SAFETY,SC-MD-001/2026.1,9.99,0.16,ISO17025-MD-CANNABINOID-SAFETY,reviewer-md,57f6f8078a4e6380ed4008ba87faf24cc1c3f048ce1c4e10ee5eb8bfda10c592,true
SC-135,SC-SAMPLE-135,SC-COA-135,OR,OR-LICENSE-15,FLOWER,2026-08-20T12:00:00Z,COLLECTED@2026-08-20T12:00:00Z|TRANSFERRED@2026-08-20T14:00:00Z|RECEIVED@2026-08-20T16:00:00Z,OR-2026.1,2027-09-01T00:00:00Z,OR-CANNABINOID-SAFETY,SC-OR-001/2026.1,9.99,0.24,ISO17025-OR-CANNABINOID-SAFETY,reviewer-or,9031460a08ccf30299a0b055fd1719bc0209869ce4b593d8d4dfaa7da6b3aa66,true
SC-136,SC-SAMPLE-136,SC-COA-136,CA,CA-LICENSE-16,FLOWER,2026-08-20T12:00:00Z,COLLECTED@2026-08-20T12:00:00Z|RECEIVED@2026-08-20T16:00:00Z,CA-2026.1,2027-09-01T00:00:00Z,CA-CANNABINOID-SAFETY,SC-CA-001/2026.1,0.10,0.20,ISO17025-CA-CANNABINOID-SAFETY,reviewer-ca,8505667938af26130edb58db58b290d13fbfe2056e96ca6936de47aab3859065,true
SC-137,SC-SAMPLE-137,SC-COA-137,CO,CO-LICENSE-17,CONCENTRATE,2026-08-20T12:00:00Z,COLLECTED@2026-08-20T12:00:00Z|RECEIVED@2026-08-20T16:00:00Z,CO-2026.1,2027-09-01T00:00:00Z,CO-CANNABINOID-SAFETY,SC-CO-001/2026.1,0.05,0.10,ISO17025-CO-CANNABINOID-SAFETY,reviewer-co,248d8b53c097bf981685c042cfcf9520159837ce7eed0ae36d3a7281c487d46f,true
SC-138,SC-SAMPLE-138,SC-COA-138,MI,MI-LICENSE-18,EDIBLE,2026-08-20T12:00:00Z,COLLECTED@2026-08-20T12:00:00Z|RECEIVED@2026-08-20T16:00:00Z,MI-2026.1,2027-09-01T00:00:00Z,MI-CANNABINOID-SAFETY,SC-MI-001/2026.1,0.20,0.40,ISO17025-MI-CANNABINOID-SAFETY,reviewer-mi,aec19f42e3927812889bf4adccd904e2094d25351612b65c375d4e7cfa6f42b9,true
SC-139,SC-SAMPLE-139,SC-COA-139,MD,MD-LICENSE-19,VAPE,2026-08-20T12:00:00Z,COLLECTED@2026-08-20T12:00:00Z|RECEIVED@2026-08-20T16:00:00Z,MD-2026.1,2027-09-01T00:00:00Z,MD-CANNABINOID-SAFETY,SC-MD-001/2026.1,0.08,0.16,ISO17025-MD-CANNABINOID-SAFETY,reviewer-md,9b779a673fc16d537f4f09d64009210885ff653a205be8103e1f1867b09fd33c,true
SC-140,SC-SAMPLE-140,SC-COA-140,OR,OR-LICENSE-20,FLOWER,2026-08-20T12:00:00Z,COLLECTED@2026-08-20T12:00:00Z|RECEIVED@2026-08-20T16:00:00Z,OR-2026.1,2027-09-01T00:00:00Z,OR-CANNABINOID-SAFETY,SC-OR-001/2026.1,0.12,0.24,ISO17025-OR-CANNABINOID-SAFETY,reviewer-or,2c3419212be30c6cae3149a799b5c0bc68d97f571bdc075055838477f7f1cfea,true
SC-141,SC-SAMPLE-001,SC-COA-001,CA,CA-LICENSE-21,FLOWER,2026-08-20T12:00:00Z,COLLECTED@2026-08-20T12:00:00Z|TRANSFERRED@2026-08-20T14:00:00Z|RECEIVED@2026-08-20T16:00:00Z,CA-2026.1,2027-09-01T00:00:00Z,CA-CANNABINOID-SAFETY,SC-CA-001/2026.1,0.10,0.20,ISO17025-CA-CANNABINOID-SAFETY,reviewer-ca,d5843df8a2c59cf647b94bbaf9b49196c09d435bbbdaaa34d31861e1eef9bbf3,true
SC-142,SC-SAMPLE-002,SC-COA-002,CO,CO-LICENSE-22,CONCENTRATE,2026-08-20T12:00:00Z,COLLECTED@2026-08-20T12:00:00Z|TRANSFERRED@2026-08-20T14:00:00Z|RECEIVED@2026-08-20T16:00:00Z,CO-2026.1,2027-09-01T00:00:00Z,CO-CANNABINOID-SAFETY,SC-CO-001/2026.1,0.05,0.10,ISO17025-CO-CANNABINOID-SAFETY,reviewer-co,2df8b68eba0acc365527fa18d7b8b563963c148ab1f6f9f253542f1f1001801c,true
SC-143,SC-SAMPLE-003,SC-COA-003,MI,MI-LICENSE-23,EDIBLE,2026-08-20T12:00:00Z,COLLECTED@2026-08-20T12:00:00Z|TRANSFERRED@2026-08-20T14:00:00Z|RECEIVED@2026-08-20T16:00:00Z,MI-2026.1,2027-09-01T00:00:00Z,MI-CANNABINOID-SAFETY,SC-MI-001/2026.1,0.20,0.40,ISO17025-MI-CANNABINOID-SAFETY,reviewer-mi,ce89f93dd9275d098339a1604f76e78fd9460d8a68922dc12f4a66bd8f2ce49e,true
SC-144,SC-SAMPLE-004,SC-COA-004,MD,MD-LICENSE-24,VAPE,2026-08-20T12:00:00Z,COLLECTED@2026-08-20T12:00:00Z|TRANSFERRED@2026-08-20T14:00:00Z|RECEIVED@2026-08-20T16:00:00Z,MD-2026.1,2027-09-01T00:00:00Z,MD-CANNABINOID-SAFETY,SC-MD-001/2026.1,0.08,0.16,ISO17025-MD-CANNABINOID-SAFETY,reviewer-md,c312acd8c6b1bb676585408cd6a249d2e843f075d92a4127d9e3741b99015972,true
SC-145,SC-SAMPLE-005,SC-COA-005,OR,OR-LICENSE-01,FLOWER,2026-08-20T12:00:00Z,COLLECTED@2026-08-20T12:00:00Z|TRANSFERRED@2026-08-20T14:00:00Z|RECEIVED@2026-08-20T16:00:00Z,OR-2026.1,2027-09-01T00:00:00Z,OR-CANNABINOID-SAFETY,SC-OR-001/2026.1,0.12,0.24,ISO17025-OR-CANNABINOID-SAFETY,reviewer-or,e0aeabc98fa108893adc8f93a43d815c5ca48fc89d1a3342ac47aa28c4af960f,true
SC-146,SC-SAMPLE-146,SC-COA-146,CA,CA-LICENSE-02,FLOWER,2026-08-20T12:00:00Z,COLLECTED@2026-08-20T12:00:00Z|TRANSFERRED@2026-08-20T14:00:00Z|RECEIVED@2026-08-20T16:00:00Z,CA-2026.1,2027-09-01T00:00:00Z,CA-CANNABINOID-SAFETY,SC-CA-001/2026.1,0.10,0.20,SCOPE-MISMATCH,unlisted-reviewer,50f3ec2eb678c5b26d1cf3a06a49123c8f19dedfe5780f9271514f0327702143,true
SC-147,SC-SAMPLE-147,SC-COA-147,CO,CO-LICENSE-03,CONCENTRATE,2026-08-20T12:00:00Z,COLLECTED@2026-08-20T12:00:00Z|TRANSFERRED@2026-08-20T14:00:00Z|RECEIVED@2026-08-20T16:00:00Z,CO-2026.1,2027-09-01T00:00:00Z,CO-CANNABINOID-SAFETY,SC-CO-001/2026.1,0.05,0.10,SCOPE-MISMATCH,unlisted-reviewer,4c9087c8b7d570b3b5a0194161cc16ca55975fb89a23be897a529db41703052a,true
SC-148,SC-SAMPLE-148,SC-COA-148,MI,MI-LICENSE-04,EDIBLE,2026-08-20T12:00:00Z,COLLECTED@2026-08-20T12:00:00Z|TRANSFERRED@2026-08-20T14:00:00Z|RECEIVED@2026-08-20T16:00:00Z,MI-2026.1,2027-09-01T00:00:00Z,MI-CANNABINOID-SAFETY,SC-MI-001/2026.1,0.20,0.40,SCOPE-MISMATCH,unlisted-reviewer,e1b307208cc1f4dae8420ea86c0037cb331709a1ce1ef7991f704c46d173d919,true
SC-149,SC-SAMPLE-149,SC-COA-149,MD,MD-LICENSE-05,VAPE,2026-08-20T12:00:00Z,COLLECTED@2026-08-20T12:00:00Z|TRANSFERRED@2026-08-20T14:00:00Z|RECEIVED@2026-08-20T16:00:00Z,MD-2026.1,2027-09-01T00:00:00Z,MD-CANNABINOID-SAFETY,SC-MD-001/2026.1,0.08,0.16,SCOPE-MISMATCH,unlisted-reviewer,fe7d8e6c756614df2907cefdc5743e6021b88b78ea0ec349d3bce7b861b6aceb,true
SC-150,SC-SAMPLE-150,SC-COA-150,OR,OR-LICENSE-06,FLOWER,2026-08-20T12:00:00Z,COLLECTED@2026-08-20T12:00:00Z|TRANSFERRED@2026-08-20T14:00:00Z|RECEIVED@2026-08-20T16:00:00Z,OR-2026.1,2027-09-01T00:00:00Z,OR-CANNABINOID-SAFETY,SC-OR-001/2026.1,0.12,0.24,SCOPE-MISMATCH,unlisted-reviewer,eda079f8581b3d3b26b96d9222672b624e45814f006fd5000d20ab03969ba7c1,true
