namespace,package_id,batch_id,product,quantity,unit,packed_at
pilot-plant,PKG-P1-1,BATCH-P1,RTD-LEMON,500,L,2026-08-05
pilot-plant,PKG-P2-1,BATCH-P2,RTD-LEMON,600,L,2026-08-06
pilot-plant,PKG-P2-2,BATCH-P2,RTD-LEMON,500,L,2026-08-06
pilot-plant,PKG-P3-1,BATCH-P3,RTD-LIME,900,L,2026-08-06
pilot-plant,PKG-P4-1,BATCH-P4,RTD-LEMON,1000,L,2026-08-08
pilot-plant,PKG-P5-1,BATCH-P5,RTD-BERRY,800,L,2026-08-06
pilot-plant,PKG-ORPHAN-1,,RTD-LEMON,250,L,2026-08-06
pilot-plant,PKG-P9-1,BATCH-P9,RTD-LEMON,100,L,2026-08-09
pilot-plant,PKG-L7-1,L-7,RTD-MINT,300,L,2026-08-07
