namespace,shipment_id,package_id,customer,quantity,unit,shipped_at
pilot-plant,SHIP-1,PKG-P1-1,Cafe North,500,L,2026-08-07
pilot-plant,SHIP-2,PKG-P2-1,Cafe North,600,L,2026-08-07
pilot-plant,SHIP-3,PKG-P2-2,Market South,500,L,2026-08-08
pilot-plant,SHIP-4,PKG-P3-1,Market South,900,L,2026-08-08
pilot-plant,SHIP-5,PKG-P5-1,Deli East,800,L,2026-08-08
pilot-plant,SHIP-9,PKG-P2-1,Deli East,600,L,2026-08-09
pilot-plant,SHIP-9,PKG-P3-1,Deli East,600,L,2026-08-09
pilot-plant,SHIP-6,PKG-ORPHAN-1,Cafe North,250,L,2026-08-08
pilot-plant,SHIP-7,PKG-L7-1,Deli East,300,L,2026-08-09
